component,layer,index,delta_loss,delta_accuracy,seed,step,probe_split
head,0,0,0.0008945465087890625,0.006896555423736572,0,0,heldout
head,0,1,-0.004803180694580078,-0.013793103396892548,0,0,heldout
head,0,2,-0.004567146301269531,0.0,0,0,heldout
head,0,3,0.0007748603820800781,0.006896555423736572,0,0,heldout
mlp_group,0,0,-0.001752614974975586,0.0,0,0,heldout
mlp_group,0,1,-0.00522613525390625,0.006896555423736572,0,0,heldout
mlp_group,0,2,0.0016884803771972656,0.0,0,0,heldout
mlp_group,0,3,0.002975940704345703,0.0,0,0,heldout
mlp_group,0,4,-0.006445884704589844,0.006896555423736572,0,0,heldout
mlp_group,0,5,0.007622957229614258,0.006896555423736572,0,0,heldout
mlp_group,0,6,0.010954141616821289,0.013793107122182846,0,0,heldout
mlp_group,0,7,-0.004357099533081055,0.0,0,0,heldout
head,1,0,-0.0018053054809570312,0.006896555423736572,0,0,heldout
head,1,1,0.0007293224334716797,0.027586210519075394,0,0,heldout
head,1,2,0.008519172668457031,0.0,0,0,heldout
head,1,3,-0.0009329319000244141,0.006896555423736572,0,0,heldout
mlp_group,1,0,-0.008393526077270508,0.02068965882062912,0,0,heldout
mlp_group,1,1,0.0059664249420166016,0.006896555423736572,0,0,heldout
mlp_group,1,2,-0.006059885025024414,0.0,0,0,heldout
mlp_group,1,3,0.005822420120239258,-0.020689651370048523,0,0,heldout
mlp_group,1,4,-2.6702880859375e-05,0.0,0,0,heldout
mlp_group,1,5,-0.0003879070281982422,0.006896555423736572,0,0,heldout
mlp_group,1,6,0.0004639625549316406,0.0,0,0,heldout
mlp_group,1,7,0.0041234493255615234,0.006896555423736572,0,0,heldout
head,0,0,0.7920300960540771,0.3241379112005234,0,500,heldout
head,0,1,0.807600736618042,0.2965517044067383,0,500,heldout
head,0,2,0.8942582607269287,0.2689654976129532,0,500,heldout
head,0,3,1.0316455364227295,0.3379310071468353,0,500,heldout
mlp_group,0,0,0.22014904022216797,0.0275861918926239,0,500,heldout
mlp_group,0,1,0.6452677249908447,0.2413792908191681,0,500,heldout
mlp_group,0,2,0.33956098556518555,0.09655168652534485,0,500,heldout
mlp_group,0,3,0.6246051788330078,0.22068962454795837,0,500,heldout
mlp_group,0,4,0.49889159202575684,0.13793101906776428,0,500,heldout
mlp_group,0,5,0.7538535594940186,0.24827584624290466,0,500,heldout
mlp_group,0,6,0.38106298446655273,0.1310344636440277,0,500,heldout
mlp_group,0,7,0.7608144283294678,0.20689651370048523,0,500,heldout
head,1,0,0.7679386138916016,0.23448273539543152,0,500,heldout
head,1,1,0.4788475036621094,0.15172410011291504,0,500,heldout
head,1,2,0.5758137702941895,0.17241376638412476,0,500,heldout
head,1,3,0.5038425922393799,0.17931032180786133,0,500,heldout
mlp_group,1,0,-0.012773513793945312,0.006896555423736572,0,500,heldout
mlp_group,1,1,0.047792673110961914,0.0,0,500,heldout
mlp_group,1,2,-0.04575514793395996,0.0,0,500,heldout
mlp_group,1,3,-0.06691980361938477,0.0,0,500,heldout
mlp_group,1,4,-0.04320526123046875,0.0,0,500,heldout
mlp_group,1,5,-0.02345108985900879,0.0,0,500,heldout
mlp_group,1,6,-0.02425217628479004,0.0,0,500,heldout
mlp_group,1,7,0.0034389495849609375,0.0,0,500,heldout
head,0,0,0.4353525638580322,0.19310343265533447,0,1000,heldout
head,0,1,0.5228872299194336,0.2137930691242218,0,1000,heldout
head,0,2,0.7681500911712646,0.23448273539543152,0,1000,heldout
head,0,3,0.5545618534088135,0.22068962454795837,0,1000,heldout
mlp_group,0,0,0.15556979179382324,0.006896555423736572,0,1000,heldout
mlp_group,0,1,0.3137941360473633,0.08965516090393066,0,1000,heldout
mlp_group,0,2,0.16011667251586914,0.06896549463272095,0,1000,heldout
mlp_group,0,3,0.3125185966491699,0.1310344636440277,0,1000,heldout
mlp_group,0,4,0.15115094184875488,0.08275860548019409,0,1000,heldout
mlp_group,0,5,0.450747013092041,0.20689651370048523,0,1000,heldout
mlp_group,0,6,0.12578129768371582,0.034482747316360474,0,1000,heldout
mlp_group,0,7,0.3492624759674072,0.10344824194908142,0,1000,heldout
head,1,0,0.6409313678741455,0.19310343265533447,0,1000,heldout
head,1,1,0.14443016052246094,0.08275860548019409,0,1000,heldout
head,1,2,0.3800501823425293,0.15172410011291504,0,1000,heldout
head,1,3,0.21448683738708496,0.12413790822029114,0,1000,heldout
mlp_group,1,0,-0.06611871719360352,0.006896555423736572,0,1000,heldout
mlp_group,1,1,0.03308725357055664,0.0,0,1000,heldout
mlp_group,1,2,-0.05384564399719238,0.0,0,1000,heldout
mlp_group,1,3,-0.11346983909606934,0.0,0,1000,heldout
mlp_group,1,4,-0.05887317657470703,0.0,0,1000,heldout
mlp_group,1,5,-0.05363774299621582,0.0,0,1000,heldout
mlp_group,1,6,-0.08141899108886719,0.0,0,1000,heldout
mlp_group,1,7,-0.021411657333374023,0.0,0,1000,heldout
head,0,0,0.9623594284057617,0.3448275625705719,0,1500,heldout
head,0,1,0.9713540077209473,0.33103445172309875,0,1500,heldout
head,0,2,1.0925323963165283,0.3241379112005234,0,1500,heldout
head,0,3,0.987931489944458,0.2965517044067383,0,1500,heldout
mlp_group,0,0,0.33137035369873047,0.04137927293777466,0,1500,heldout
mlp_group,0,1,0.7900924682617188,0.33103445172309875,0,1500,heldout
mlp_group,0,2,0.40398383140563965,0.19310343265533447,0,1500,heldout
mlp_group,0,3,0.8105804920196533,0.35862065851688385,0,1500,heldout
mlp_group,0,4,0.5289261341094971,0.28275859355926514,0,1500,heldout
mlp_group,0,5,1.0322599411010742,0.372413769364357,0,1500,heldout
mlp_group,0,6,0.46489858627319336,0.1862068772315979,0,1500,heldout
mlp_group,0,7,0.8150200843811035,0.31034480035305023,0,1500,heldout
head,1,0,1.1369903087615967,0.2896551489830017,0,1500,heldout
head,1,1,0.5617771148681641,0.22068962454795837,0,1500,heldout
head,1,2,0.6954424381256104,0.24827584624290466,0,1500,heldout
head,1,3,0.7138309478759766,0.2620689421892166,0,1500,heldout
mlp_group,1,0,-0.07587790489196777,0.006896555423736572,0,1500,heldout
mlp_group,1,1,0.02949357032775879,0.0,0,1500,heldout
mlp_group,1,2,-0.02445673942565918,0.0,0,1500,heldout
mlp_group,1,3,-0.14360570907592773,0.0,0,1500,heldout
mlp_group,1,4,-0.0591282844543457,0.0,0,1500,heldout
mlp_group,1,5,-0.03059530258178711,0.0,0,1500,heldout
mlp_group,1,6,-0.1169893741607666,0.0,0,1500,heldout
mlp_group,1,7,-0.03541207313537598,0.0,0,1500,heldout
head,0,0,0.14406585693359375,0.1310344636440277,0,2000,heldout
head,0,1,0.25203871726989746,0.13793101906776428,0,2000,heldout
head,0,2,0.7194209098815918,0.22758617997169495,0,2000,heldout
head,0,3,0.3378424644470215,0.14482757449150085,0,2000,heldout
mlp_group,0,0,0.02918100357055664,0.0,0,2000,heldout
mlp_group,0,1,-0.03429269790649414,0.0,0,2000,heldout
mlp_group,0,2,-0.09431076049804688,0.0,0,2000,heldout
mlp_group,0,3,-0.0883939266204834,0.0,0,2000,heldout
mlp_group,0,4,-0.14058208465576172,0.0,0,2000,heldout
mlp_group,0,5,-0.023491382598876953,0.0,0,2000,heldout
mlp_group,0,6,-0.018733978271484375,0.0,0,2000,heldout
mlp_group,0,7,-0.008617877960205078,0.0,0,2000,heldout
head,1,0,0.14355778694152832,0.09655168652534485,0,2000,heldout
head,1,1,0.023639440536499023,0.04137927293777466,0,2000,heldout
head,1,2,0.1936502456665039,0.110344797372818,0,2000,heldout
head,1,3,-0.013829708099365234,0.0275861918926239,0,2000,heldout
mlp_group,1,0,0.0016875267028808594,0.0,0,2000,heldout
mlp_group,1,1,0.0550074577331543,0.0,0,2000,heldout
mlp_group,1,2,-0.0012073516845703125,0.0,0,2000,heldout
mlp_group,1,3,-0.054808616638183594,0.0,0,2000,heldout
mlp_group,1,4,-0.025791168212890625,0.0,0,2000,heldout
mlp_group,1,5,-0.026847124099731445,0.0,0,2000,heldout
mlp_group,1,6,-0.02620697021484375,0.0,0,2000,heldout
mlp_group,1,7,0.04828071594238281,0.0,0,2000,heldout
head,0,0,0.34979867935180664,0.1862068772315979,0,2500,heldout
head,0,1,0.5358107089996338,0.1862068772315979,0,2500,heldout
head,0,2,0.9972591400146484,0.27586203813552856,0,2500,heldout
head,0,3,0.7253859043121338,0.2137930691242218,0,2500,heldout
mlp_group,0,0,0.18407964706420898,0.16551721096038818,0,2500,heldout
mlp_group,0,1,0.0297544002532959,0.04827582836151123,0,2500,heldout
mlp_group,0,2,-0.11499881744384766,0.0275861918926239,0,2500,heldout
mlp_group,0,3,-0.07727360725402832,-0.006896555423736572,0,2500,heldout
mlp_group,0,4,-0.21140384674072266,-0.006896555423736572,0,2500,heldout
mlp_group,0,5,0.05129194259643555,0.02068963646888733,0,2500,heldout
mlp_group,0,6,0.017785072326660156,-0.006896555423736572,0,2500,heldout
mlp_group,0,7,0.05608081817626953,0.04827582836151123,0,2500,heldout
head,1,0,0.6014308929443359,0.19999998807907104,0,2500,heldout
head,1,1,0.18845701217651367,0.09655168652534485,0,2500,heldout
head,1,2,0.47731494903564453,0.17241376638412476,0,2500,heldout
head,1,3,0.19385123252868652,0.09655168652534485,0,2500,heldout
mlp_group,1,0,-0.05920004844665527,0.0,0,2500,heldout
mlp_group,1,1,-0.026466846466064453,0.0,0,2500,heldout
mlp_group,1,2,-0.031668901443481445,0.0,0,2500,heldout
mlp_group,1,3,-0.08805251121520996,0.0,0,2500,heldout
mlp_group,1,4,-0.019171953201293945,0.006896555423736572,0,2500,heldout
mlp_group,1,5,0.01828479766845703,0.0,0,2500,heldout
mlp_group,1,6,-0.07772493362426758,0.0,0,2500,heldout
mlp_group,1,7,0.007099151611328125,0.0,0,2500,heldout
head,0,0,0.8245775699615479,0.2965517044067383,0,3000,heldout
head,0,1,0.7341032028198242,0.28275859355926514,0,3000,heldout
head,0,2,1.3399693965911865,0.35172411799430847,0,3000,heldout
head,0,3,1.1665642261505127,0.35172411799430847,0,3000,heldout
mlp_group,0,0,0.295696496963501,0.40689652413129807,0,3000,heldout
mlp_group,0,1,0.23919057846069336,0.17241376638412476,0,3000,heldout
mlp_group,0,2,0.1238698959350586,0.1862068772315979,0,3000,heldout
mlp_group,0,3,0.12700843811035156,0.12413790822029114,0,3000,heldout
mlp_group,0,4,-0.09726142883300781,0.06896549463272095,0,3000,heldout
mlp_group,0,5,0.4011521339416504,0.17931032180786133,0,3000,heldout
mlp_group,0,6,0.22709298133850098,0.10344824194908142,0,3000,heldout
mlp_group,0,7,0.32011866569519043,0.19310343265533447,0,3000,heldout
head,1,0,1.1982452869415283,0.33103445172309875,0,3000,heldout
head,1,1,0.5772223472595215,0.23448273539543152,0,3000,heldout
head,1,2,0.8770358562469482,0.25517240166664124,0,3000,heldout
head,1,3,0.6850194931030273,0.27586203813552856,0,3000,heldout
mlp_group,1,0,-0.10806512832641602,0.0,0,3000,heldout
mlp_group,1,1,-0.05459737777709961,0.0,0,3000,heldout
mlp_group,1,2,-0.052999019622802734,0.0,0,3000,heldout
mlp_group,1,3,-0.14555835723876953,0.006896555423736572,0,3000,heldout
mlp_group,1,4,-0.044455528259277344,0.006896555423736572,0,3000,heldout
mlp_group,1,5,0.012843847274780273,0.0,0,3000,heldout
mlp_group,1,6,-0.13653182983398438,0.0,0,3000,heldout
mlp_group,1,7,-0.015552520751953125,0.006896555423736572,0,3000,heldout
head,0,0,0.1668076515197754,0.15172410011291504,0,3500,heldout
head,0,1,0.3634986877441406,0.16551721096038818,0,3500,heldout
head,0,2,1.0885467529296875,0.2413792908191681,0,3500,heldout
head,0,3,0.500516414642334,0.1586206555366516,0,3500,heldout
mlp_group,0,0,-0.2925078868865967,0.10344824194908142,0,3500,heldout
mlp_group,0,1,-0.04594874382019043,0.0,0,3500,heldout
mlp_group,0,2,-0.12307262420654297,0.0,0,3500,heldout
mlp_group,0,3,-0.061367034912109375,0.0,0,3500,heldout
mlp_group,0,4,-0.1894376277923584,0.0,0,3500,heldout
mlp_group,0,5,-0.07996010780334473,0.0,0,3500,heldout
mlp_group,0,6,-0.11522459983825684,0.0,0,3500,heldout
mlp_group,0,7,-0.11134076118469238,0.0,0,3500,heldout
head,1,0,0.29978251457214355,0.11724135279655457,0,3500,heldout
head,1,1,0.26518821716308594,0.08275860548019409,0,3500,heldout
head,1,2,0.411527156829834,0.19310343265533447,0,3500,heldout
head,1,3,0.05194520950317383,0.04137927293777466,0,3500,heldout
mlp_group,1,0,-0.01169276237487793,0.0,0,3500,heldout
mlp_group,1,1,-0.006143808364868164,0.0,0,3500,heldout
mlp_group,1,2,-0.018721580505371094,0.0,0,3500,heldout
mlp_group,1,3,-0.025174856185913086,0.0,0,3500,heldout
mlp_group,1,4,0.0018112659454345703,0.0,0,3500,heldout
mlp_group,1,5,-0.050530433654785156,0.0,0,3500,heldout
mlp_group,1,6,-0.07168197631835938,0.0,0,3500,heldout
mlp_group,1,7,-0.01006460189819336,0.0,0,3500,heldout
head,0,0,0.34928011894226074,0.22068962454795837,0,4000,heldout
head,0,1,0.5922946929931641,0.2137930691242218,0,4000,heldout
head,0,2,1.3224036693572998,0.31034480035305023,0,4000,heldout
head,0,3,0.7314600944519043,0.27586203813552856,0,4000,heldout
mlp_group,0,0,-0.022263288497924805,0.22758617997169495,0,4000,heldout
mlp_group,0,1,-0.044114112854003906,0.006896555423736572,0,4000,heldout
mlp_group,0,2,-0.15415382385253906,0.04827582836151123,0,4000,heldout
mlp_group,0,3,-0.10690188407897949,0.02068963646888733,0,4000,heldout
mlp_group,0,4,-0.29263830184936523,-0.020689666271209717,0,4000,heldout
mlp_group,0,5,-0.10703492164611816,0.0275861918926239,0,4000,heldout
mlp_group,0,6,-0.24141716957092285,0.006896555423736572,0,4000,heldout
mlp_group,0,7,-0.17366290092468262,0.02068963646888733,0,4000,heldout
head,1,0,0.8044881820678711,0.2137930691242218,0,4000,heldout
head,1,1,0.4284946918487549,0.17931032180786133,0,4000,heldout
head,1,2,0.7651236057281494,0.25517240166664124,0,4000,heldout
head,1,3,0.2910125255584717,0.13793101906776428,0,4000,heldout
mlp_group,1,0,0.002164602279663086,0.006896555423736572,0,4000,heldout
mlp_group,1,1,-0.029507160186767578,0.0,0,4000,heldout
mlp_group,1,2,-0.011833906173706055,0.0,0,4000,heldout
mlp_group,1,3,-0.054103851318359375,0.0,0,4000,heldout
mlp_group,1,4,0.01090860366821289,0.0,0,4000,heldout
mlp_group,1,5,0.009334802627563477,0.0,0,4000,heldout
mlp_group,1,6,-0.04865574836730957,0.0,0,4000,heldout
mlp_group,1,7,0.002199888229370117,0.0,0,4000,heldout
head,0,0,0.3837697505950928,0.1586206555366516,0,4500,heldout
head,0,1,0.1399681568145752,0.09655168652534485,0,4500,heldout
head,0,2,0.9407501220703125,0.22758617997169495,0,4500,heldout
head,0,3,0.31886911392211914,0.1310344636440277,0,4500,heldout
mlp_group,0,0,-0.11588120460510254,0.062068939208984375,0,4500,heldout
mlp_group,0,1,-0.024377107620239258,0.0,0,4500,heldout
mlp_group,0,2,-0.05863213539123535,0.0,0,4500,heldout
mlp_group,0,3,-0.0448451042175293,0.0,0,4500,heldout
mlp_group,0,4,-0.09140372276306152,0.0,0,4500,heldout
mlp_group,0,5,-0.051770925521850586,0.0,0,4500,heldout
mlp_group,0,6,-0.11699891090393066,0.0,0,4500,heldout
mlp_group,0,7,-0.11332249641418457,0.0,0,4500,heldout
head,1,0,0.19455909729003906,0.10344824194908142,0,4500,heldout
head,1,1,0.22757816314697266,0.062068939208984375,0,4500,heldout
head,1,2,0.33348679542541504,0.16551721096038818,0,4500,heldout
head,1,3,0.055939435958862305,0.034482747316360474,0,4500,heldout
mlp_group,1,0,0.041922807693481445,0.0,0,4500,heldout
mlp_group,1,1,-0.031648874282836914,0.0,0,4500,heldout
mlp_group,1,2,0.01726365089416504,0.0,0,4500,heldout
mlp_group,1,3,-0.018198490142822266,0.0,0,4500,heldout
mlp_group,1,4,-0.032181739807128906,0.0,0,4500,heldout
mlp_group,1,5,-0.014554023742675781,0.0,0,4500,heldout
mlp_group,1,6,-0.05118083953857422,0.0,0,4500,heldout
mlp_group,1,7,-0.03347659111022949,0.0,0,4500,heldout
head,0,0,0.4273712635040283,0.22068962454795837,0,5000,heldout
head,0,1,0.22946786880493164,0.15172410011291504,0,5000,heldout
head,0,2,1.2513811588287354,0.2620689421892166,0,5000,heldout
head,0,3,0.5225167274475098,0.2137930691242218,0,5000,heldout
mlp_group,0,0,0.35345911979675293,0.27586203813552856,0,5000,heldout
mlp_group,0,1,-0.0343019962310791,0.0,0,5000,heldout
mlp_group,0,2,-0.031241178512573242,0.0275861918926239,0,5000,heldout
mlp_group,0,3,-0.10150885581970215,-0.006896555423736572,0,5000,heldout
mlp_group,0,4,-0.16518473625183105,0.0,0,5000,heldout
mlp_group,0,5,-0.014100074768066406,0.013793081045150757,0,5000,heldout
mlp_group,0,6,-0.13160371780395508,0.0,0,5000,heldout
mlp_group,0,7,-0.041832923889160156,0.0275861918926239,0,5000,heldout
head,1,0,0.6830463409423828,0.16551721096038818,0,5000,heldout
head,1,1,0.46457505226135254,0.15172410011291504,0,5000,heldout
head,1,2,0.6704869270324707,0.1862068772315979,0,5000,heldout
head,1,3,0.25507020950317383,0.08965516090393066,0,5000,heldout
mlp_group,1,0,0.041724443435668945,0.0,0,5000,heldout
mlp_group,1,1,-0.0480196475982666,0.0,0,5000,heldout
mlp_group,1,2,0.0261228084564209,0.0,0,5000,heldout
mlp_group,1,3,-0.042565345764160156,0.0,0,5000,heldout
mlp_group,1,4,0.0022957324981689453,0.0,0,5000,heldout
mlp_group,1,5,0.03884601593017578,0.0,0,5000,heldout
mlp_group,1,6,-0.016688108444213867,0.0,0,5000,heldout
mlp_group,1,7,-0.05364203453063965,0.006896555423736572,0,5000,heldout
head,0,0,0.8149681091308594,0.33103445172309875,0,5500,heldout
head,0,1,0.6545689105987549,0.2896551489830017,0,5500,heldout
head,0,2,1.5392265319824219,0.2965517044067383,0,5500,heldout
head,0,3,0.9107639789581299,0.30344824492931366,0,5500,heldout
mlp_group,0,0,0.9763422012329102,0.4758620448410511,0,5500,heldout
mlp_group,0,1,0.06562566757202148,0.034482747316360474,0,5500,heldout
mlp_group,0,2,0.38189244270324707,0.16551721096038818,0,5500,heldout
mlp_group,0,3,0.023232221603393555,0.034482747316360474,0,5500,heldout
mlp_group,0,4,0.11524748802185059,0.10344824194908142,0,5500,heldout
mlp_group,0,5,0.6249580383300781,0.2965517044067383,0,5500,heldout
mlp_group,0,6,0.36512017250061035,0.24827584624290466,0,5500,heldout
mlp_group,0,7,0.4854085445404053,0.27586203813552856,0,5500,heldout
head,1,0,1.2825233936309814,0.2689654976129532,0,5500,heldout
head,1,1,0.797996997833252,0.2413792908191681,0,5500,heldout
head,1,2,1.099398136138916,0.31034480035305023,0,5500,heldout
head,1,3,0.8379936218261719,0.2413792908191681,0,5500,heldout
mlp_group,1,0,0.0648345947265625,0.02068963646888733,0,5500,heldout
mlp_group,1,1,-0.03375053405761719,0.0,0,5500,heldout
mlp_group,1,2,0.041231632232666016,0.0,0,5500,heldout
mlp_group,1,3,-0.02423715591430664,0.02068963646888733,0,5500,heldout
mlp_group,1,4,0.022182941436767578,-0.006896555423736572,0,5500,heldout
mlp_group,1,5,0.05430006980895996,0.006896555423736572,0,5500,heldout
mlp_group,1,6,-0.024248600006103516,-0.006896555423736572,0,5500,heldout
mlp_group,1,7,-0.013771533966064453,0.0275861918926239,0,5500,heldout
head,0,0,0.4174933433532715,0.1862068772315979,0,6000,heldout
head,0,1,0.1922626495361328,0.08275860548019409,0,6000,heldout
head,0,2,1.4521713256835938,0.2689654976129532,0,6000,heldout
head,0,3,0.47615575790405273,0.12413790822029114,0,6000,heldout
mlp_group,0,0,-0.03345751762390137,0.0,0,6000,heldout
mlp_group,0,1,-0.007292747497558594,0.0,0,6000,heldout
mlp_group,0,2,0.012089729309082031,0.0,0,6000,heldout
mlp_group,0,3,0.0021665096282958984,0.0,0,6000,heldout
mlp_group,0,4,0.004029273986816406,0.0,0,6000,heldout
mlp_group,0,5,0.01036381721496582,0.0,0,6000,heldout
mlp_group,0,6,-0.03268623352050781,0.0,0,6000,heldout
mlp_group,0,7,-0.0008478164672851562,0.0,0,6000,heldout
head,1,0,0.2670297622680664,0.062068939208984375,0,6000,heldout
head,1,1,0.33850526809692383,0.0551723837852478,0,6000,heldout
head,1,2,0.38764429092407227,0.1310344636440277,0,6000,heldout
head,1,3,0.07498574256896973,0.02068963646888733,0,6000,heldout
mlp_group,1,0,-0.015308618545532227,0.0,0,6000,heldout
mlp_group,1,1,-0.09264206886291504,0.0,0,6000,heldout
mlp_group,1,2,-0.08059453964233398,-0.006896555423736572,0,6000,heldout
mlp_group,1,3,-0.039701223373413086,0.0,0,6000,heldout
mlp_group,1,4,-0.046835899353027344,-0.006896555423736572,0,6000,heldout
mlp_group,1,5,0.0057528018951416016,0.0,0,6000,heldout
mlp_group,1,6,-0.08899497985839844,-0.006896555423736572,0,6000,heldout
mlp_group,1,7,-0.013160943984985352,0.0,0,6000,heldout
head,0,0,0.46846580505371094,0.22068962454795837,0,6500,heldout
head,0,1,0.3610091209411621,0.15172412991523743,0,6500,heldout
head,0,2,1.5271718502044678,0.2620689570903778,0,6500,heldout
head,0,3,0.7383773326873779,0.19310343265533447,0,6500,heldout
mlp_group,0,0,-0.07922053337097168,0.006896555423736572,0,6500,heldout
mlp_group,0,1,-0.02917337417602539,0.0,0,6500,heldout
mlp_group,0,2,0.00785207748413086,0.006896555423736572,0,6500,heldout
mlp_group,0,3,-0.01048898696899414,0.006896555423736572,0,6500,heldout
mlp_group,0,4,-0.013422727584838867,0.006896555423736572,0,6500,heldout
mlp_group,0,5,-0.004594564437866211,0.006896555423736572,0,6500,heldout
mlp_group,0,6,-0.07538938522338867,0.006896555423736572,0,6500,heldout
mlp_group,0,7,-0.0313870906829834,0.006896555423736572,0,6500,heldout
head,1,0,0.6430544853210449,0.1310344636440277,0,6500,heldout
head,1,1,0.577263355255127,0.14482757449150085,0,6500,heldout
head,1,2,0.8368299007415771,0.20689654350280762,0,6500,heldout
head,1,3,0.1816394329071045,0.04827585816383362,0,6500,heldout
mlp_group,1,0,-0.045884132385253906,0.0,0,6500,heldout
mlp_group,1,1,-0.16605591773986816,0.006896555423736572,0,6500,heldout
mlp_group,1,2,-0.13396382331848145,0.0,0,6500,heldout
mlp_group,1,3,-0.09425497055053711,0.0,0,6500,heldout
mlp_group,1,4,-0.06641769409179688,0.0,0,6500,heldout
mlp_group,1,5,-0.0003948211669921875,0.0,0,6500,heldout
mlp_group,1,6,-0.14125418663024902,0.0,0,6500,heldout
mlp_group,1,7,-0.03821301460266113,0.006896555423736572,0,6500,heldout
head,0,0,0.5991675853729248,0.2413792908191681,0,7000,heldout
head,0,1,0.5231108665466309,0.1862068772315979,0,7000,heldout
head,0,2,1.6150617599487305,0.27586205303668976,0,7000,heldout
head,0,3,0.8811502456665039,0.24827584624290466,0,7000,heldout
mlp_group,0,0,-0.03982210159301758,0.0,0,7000,heldout
mlp_group,0,1,-0.04984760284423828,0.0,0,7000,heldout
mlp_group,0,2,0.020608186721801758,0.0,0,7000,heldout
mlp_group,0,3,-0.01269984245300293,0.0,0,7000,heldout
mlp_group,0,4,-0.005898475646972656,0.0,0,7000,heldout
mlp_group,0,5,0.0133819580078125,0.0,0,7000,heldout
mlp_group,0,6,-0.06963634490966797,0.006896555423736572,0,7000,heldout
mlp_group,0,7,-0.019366025924682617,0.013793110847473145,0,7000,heldout
head,1,0,0.8200340270996094,0.1862068772315979,0,7000,heldout
head,1,1,0.7457425594329834,0.19999998807907104,0,7000,heldout
head,1,2,1.0795729160308838,0.25517240166664124,0,7000,heldout
head,1,3,0.3361959457397461,0.08275860548019409,0,7000,heldout
mlp_group,1,0,-0.006735801696777344,0.0,0,7000,heldout
mlp_group,1,1,-0.12147259712219238,0.0,0,7000,heldout
mlp_group,1,2,-0.08976960182189941,0.0,0,7000,heldout
mlp_group,1,3,-0.01789689064025879,0.0,0,7000,heldout
mlp_group,1,4,-0.033318281173706055,0.0,0,7000,heldout
mlp_group,1,5,0.0422825813293457,0.0,0,7000,heldout
mlp_group,1,6,-0.0984046459197998,0.0,0,7000,heldout
mlp_group,1,7,-0.018770217895507812,0.0,0,7000,heldout
head,0,0,0.8848016262054443,0.2896551489830017,0,7500,heldout
head,0,1,0.8511562347412109,0.20689654350280762,0,7500,heldout
head,0,2,1.8774778842926025,0.3172413557767868,0,7500,heldout
head,0,3,1.2590084075927734,0.2896551489830017,0,7500,heldout
mlp_group,0,0,0.08046579360961914,0.013793110847473145,0,7500,heldout
mlp_group,0,1,-0.08182191848754883,0.006896555423736572,0,7500,heldout
mlp_group,0,2,0.051935672760009766,0.006896555423736572,0,7500,heldout
mlp_group,0,3,-0.011528968811035156,0.0,0,7500,heldout
mlp_group,0,4,0.012392282485961914,0.0,0,7500,heldout
mlp_group,0,5,0.06098365783691406,0.0,0,7500,heldout
mlp_group,0,6,-0.06908202171325684,0.0,0,7500,heldout
mlp_group,0,7,0.055660247802734375,0.013793110847473145,0,7500,heldout
head,1,0,1.1861143112182617,0.28275860846042633,0,7500,heldout
head,1,1,1.144012212753296,0.3103448152542114,0,7500,heldout
head,1,2,1.5214056968688965,0.3241379112005234,0,7500,heldout
head,1,3,0.7490482330322266,0.22068962454795837,0,7500,heldout
mlp_group,1,0,-0.028367996215820312,0.013793110847473145,0,7500,heldout
mlp_group,1,1,-0.05719447135925293,0.0,0,7500,heldout
mlp_group,1,2,0.00836038589477539,0.0,0,7500,heldout
mlp_group,1,3,0.053011178970336914,0.0,0,7500,heldout
mlp_group,1,4,0.006754398345947266,0.0,0,7500,heldout
mlp_group,1,5,0.03831768035888672,0.0,0,7500,heldout
mlp_group,1,6,-0.054244041442871094,0.0,0,7500,heldout
mlp_group,1,7,0.014018058776855469,0.0,0,7500,heldout
head,0,0,0.3227797746658325,0.12413790822029114,0,8000,heldout
head,0,1,0.144311785697937,0.02758622169494629,0,8000,heldout
head,0,2,1.6227482557296753,0.23448273539543152,0,8000,heldout
head,0,3,0.5177985429763794,0.14482757449150085,0,8000,heldout
mlp_group,0,0,0.0039098262786865234,0.0,0,8000,heldout
mlp_group,0,1,-0.014191508293151855,0.0,0,8000,heldout
mlp_group,0,2,0.008368611335754395,0.0,0,8000,heldout
mlp_group,0,3,-0.0027385950088500977,0.0,0,8000,heldout
mlp_group,0,4,0.0018001794815063477,0.0,0,8000,heldout
mlp_group,0,5,0.005329728126525879,-0.006896555423736572,0,8000,heldout
mlp_group,0,6,-0.0061255693435668945,0.0,0,8000,heldout
mlp_group,0,7,-0.000629425048828125,0.0,0,8000,heldout
head,1,0,0.5040847063064575,0.11724138259887695,0,8000,heldout
head,1,1,0.49126875400543213,0.08965516090393066,0,8000,heldout
head,1,2,0.7236427068710327,0.158620685338974,0,8000,heldout
head,1,3,0.21431386470794678,0.02758622169494629,0,8000,heldout
mlp_group,1,0,0.012702107429504395,-0.020689666271209717,0,8000,heldout
mlp_group,1,1,0.020820975303649902,0.020689666271209717,0,8000,heldout
mlp_group,1,2,0.0016021728515625,-0.006896555423736572,0,8000,heldout
mlp_group,1,3,0.05199325084686279,0.006896555423736572,0,8000,heldout
mlp_group,1,4,-0.004024028778076172,0.0,0,8000,heldout
mlp_group,1,5,0.017952799797058105,0.006896555423736572,0,8000,heldout
mlp_group,1,6,-0.014633417129516602,0.006896555423736572,0,8000,heldout
mlp_group,1,7,0.03092777729034424,0.0,0,8000,heldout
head,0,0,0.5115000009536743,0.1862068772315979,0,8500,heldout
head,0,1,0.4497419595718384,0.11034482717514038,0,8500,heldout
head,0,2,1.7593563795089722,0.2965517193078995,0,8500,heldout
head,0,3,0.841389536857605,0.22068965435028076,0,8500,heldout
mlp_group,0,0,-0.014296293258666992,-0.013793110847473145,0,8500,heldout
mlp_group,0,1,-0.040242791175842285,-0.006896555423736572,0,8500,heldout
mlp_group,0,2,0.002596735954284668,-0.006896555423736572,0,8500,heldout
mlp_group,0,3,-0.014707088470458984,-0.013793110847473145,0,8500,heldout
mlp_group,0,4,-0.0052825212478637695,-0.006896555423736572,0,8500,heldout
mlp_group,0,5,-0.00020623207092285156,-0.006896555423736572,0,8500,heldout
mlp_group,0,6,-0.02077317237854004,-0.013793110847473145,0,8500,heldout
mlp_group,0,7,-0.02760136127471924,-0.006896555423736572,0,8500,heldout
head,1,0,0.9281090497970581,0.19310343265533447,0,8500,heldout
head,1,1,0.8821209669113159,0.22068965435028076,0,8500,heldout
head,1,2,1.2105997800827026,0.27586206793785095,0,8500,heldout
head,1,3,0.551042914390564,0.12413790822029114,0,8500,heldout
mlp_group,1,0,0.022208452224731445,-0.03448277711868286,0,8500,heldout
mlp_group,1,1,0.012107253074645996,-0.006896555423736572,0,8500,heldout
mlp_group,1,2,-0.008229374885559082,-0.020689666271209717,0,8500,heldout
mlp_group,1,3,0.01930391788482666,-0.006896555423736572,0,8500,heldout
mlp_group,1,4,-0.005880832672119141,-0.02758622169494629,0,8500,heldout
mlp_group,1,5,0.032616615295410156,-0.006896555423736572,0,8500,heldout
mlp_group,1,6,-0.013511300086975098,-0.013793110847473145,0,8500,heldout
mlp_group,1,7,0.00906836986541748,-0.006896555423736572,0,8500,heldout
head,0,0,0.8598442077636719,0.30344828963279724,0,9000,heldout
head,0,1,0.7895872592926025,0.24827587604522705,0,9000,heldout
head,0,2,2.00998592376709,0.35862068831920624,0,9000,heldout
head,0,3,1.1323952674865723,0.30344828963279724,0,9000,heldout
mlp_group,0,0,-0.015269041061401367,-0.006896555423736572,0,9000,heldout
mlp_group,0,1,-0.04708230495452881,0.0,0,9000,heldout
mlp_group,0,2,0.006348252296447754,-0.006896555423736572,0,9000,heldout
mlp_group,0,3,-0.019725680351257324,0.0,0,9000,heldout
mlp_group,0,4,-0.0067026615142822266,0.0,0,9000,heldout
mlp_group,0,5,0.0030786991119384766,0.0,0,9000,heldout
mlp_group,0,6,-0.027257680892944336,0.0,0,9000,heldout
mlp_group,0,7,-0.01781177520751953,0.020689666271209717,0,9000,heldout
head,1,0,1.2654118537902832,0.29655173420906067,0,9000,heldout
head,1,1,1.3010177612304688,0.30344828963279724,0,9000,heldout
head,1,2,1.6259422302246094,0.3655172437429428,0,9000,heldout
head,1,3,0.984140157699585,0.2827586233615875,0,9000,heldout
mlp_group,1,0,0.04144167900085449,0.0,0,9000,heldout
mlp_group,1,1,0.016309261322021484,0.02758622169494629,0,9000,heldout
mlp_group,1,2,-0.0011082887649536133,0.006896555423736572,0,9000,heldout
mlp_group,1,3,0.02773106098175049,0.02758622169494629,0,9000,heldout
mlp_group,1,4,-0.011884570121765137,0.0,0,9000,heldout
mlp_group,1,5,0.03690755367279053,0.020689666271209717,0,9000,heldout
mlp_group,1,6,-0.016607046127319336,0.013793110847473145,0,9000,heldout
mlp_group,1,7,0.019239187240600586,0.020689666271209717,0,9000,heldout
head,0,0,1.0163421630859375,0.3379310518503189,0,9500,heldout
head,0,1,0.9772326946258545,0.2551724314689636,0,9500,heldout
head,0,2,2.142597198486328,0.3862069100141525,0,9500,heldout
head,0,3,1.242743730545044,0.35172414779663086,0,9500,heldout
mlp_group,0,0,-0.010620594024658203,0.006896555423736572,0,9500,heldout
mlp_group,0,1,-0.042060017585754395,0.0,0,9500,heldout
mlp_group,0,2,0.010645389556884766,0.0,0,9500,heldout
mlp_group,0,3,-0.015408873558044434,0.006896555423736572,0,9500,heldout
mlp_group,0,4,-0.0033801794052124023,0.006896555423736572,0,9500,heldout
mlp_group,0,5,0.007693767547607422,0.006896555423736572,0,9500,heldout
mlp_group,0,6,-0.023149847984313965,0.006896555423736572,0,9500,heldout
mlp_group,0,7,-0.008251547813415527,0.0,0,9500,heldout
head,1,0,1.363029956817627,0.30344828963279724,0,9500,heldout
head,1,1,1.4906284809112549,0.37931035459041595,0,9500,heldout
head,1,2,1.8341968059539795,0.3862069100141525,0,9500,heldout
head,1,3,1.157015323638916,0.3103448450565338,0,9500,heldout
mlp_group,1,0,0.059151291847229004,0.020689666271209717,0,9500,heldout
mlp_group,1,1,0.02189624309539795,0.013793110847473145,0,9500,heldout
mlp_group,1,2,0.0016169548034667969,0.006896555423736572,0,9500,heldout
mlp_group,1,3,0.040582895278930664,0.013793110847473145,0,9500,heldout
mlp_group,1,4,-0.026528000831604004,0.006896555423736572,0,9500,heldout
mlp_group,1,5,0.03185760974884033,0.0,0,9500,heldout
mlp_group,1,6,-0.014804601669311523,0.006896555423736572,0,9500,heldout
mlp_group,1,7,0.0388261079788208,0.02758622169494629,0,9500,heldout
head,0,0,1.1006609201431274,0.38620686531066895,0,10000,heldout
head,0,1,1.107101559638977,0.28275859355926514,0,10000,heldout
head,0,2,2.2144895792007446,0.41379307210445404,0,10000,heldout
head,0,3,1.2933064699172974,0.38620686531066895,0,10000,heldout
mlp_group,0,0,-0.010618209838867188,-0.006896555423736572,0,10000,heldout
mlp_group,0,1,-0.03817141056060791,0.01379305124282837,0,10000,heldout
mlp_group,0,2,0.009825587272644043,0.0,0,10000,heldout
mlp_group,0,3,-0.01245737075805664,-0.006896555423736572,0,10000,heldout
mlp_group,0,4,-0.0022079944610595703,0.0,0,10000,heldout
mlp_group,0,5,0.007454872131347656,-0.006896555423736572,0,10000,heldout
mlp_group,0,6,-0.01953125,-0.006896555423736572,0,10000,heldout
mlp_group,0,7,-0.012540817260742188,0.02068960666656494,0,10000,heldout
head,1,0,1.418373465538025,0.3172413408756256,0,10000,heldout
head,1,1,1.6355787515640259,0.40689651668071747,0,10000,heldout
head,1,2,1.9903055429458618,0.41379307210445404,0,10000,heldout
head,1,3,1.2583681344985962,0.33103445172309875,0,10000,heldout
mlp_group,1,0,0.07330882549285889,0.02068960666656494,0,10000,heldout
mlp_group,1,1,0.02190089225769043,0.02068960666656494,0,10000,heldout
mlp_group,1,2,0.003540635108947754,0.006896495819091797,0,10000,heldout
mlp_group,1,3,0.04358959197998047,0.02068960666656494,0,10000,heldout
mlp_group,1,4,-0.041600584983825684,0.006896495819091797,0,10000,heldout
mlp_group,1,5,0.026703834533691406,0.006896495819091797,0,10000,heldout
mlp_group,1,6,-0.0073059797286987305,0.0,0,10000,heldout
mlp_group,1,7,0.06721508502960205,0.0551723837852478,0,10000,heldout
head,0,0,1.1726574897766113,0.3724138140678406,0,10500,heldout
head,0,1,1.2232394218444824,0.24827587604522705,0,10500,heldout
head,0,2,2.2416014671325684,0.40000002086162567,0,10500,heldout
head,0,3,1.318023681640625,0.3724138140678406,0,10500,heldout
mlp_group,0,0,-0.010819077491760254,0.006896555423736572,0,10500,heldout
mlp_group,0,1,-0.03271341323852539,0.013793110847473145,0,10500,heldout
mlp_group,0,2,0.0070247650146484375,0.006896555423736572,0,10500,heldout
mlp_group,0,3,-0.010554671287536621,0.006896555423736572,0,10500,heldout
mlp_group,0,4,-0.002456188201904297,0.006896555423736572,0,10500,heldout
mlp_group,0,5,0.005392789840698242,0.006896555423736572,0,10500,heldout
mlp_group,0,6,-0.016273021697998047,0.006896555423736572,0,10500,heldout
mlp_group,0,7,-0.01575911045074463,0.013793110847473145,0,10500,heldout
head,1,0,1.4533040523529053,0.3103448450565338,0,10500,heldout
head,1,1,1.763098955154419,0.40000002086162567,0,10500,heldout
head,1,2,2.118462562561035,0.40689657628536224,0,10500,heldout
head,1,3,1.322629451751709,0.30344828963279724,0,10500,heldout
mlp_group,1,0,0.08646643161773682,0.013793110847473145,0,10500,heldout
mlp_group,1,1,0.021535754203796387,0.020689666271209717,0,10500,heldout
mlp_group,1,2,0.0028862953186035156,0.013793110847473145,0,10500,heldout
mlp_group,1,3,0.03250420093536377,0.006896555423736572,0,10500,heldout
mlp_group,1,4,-0.05220341682434082,-0.027586162090301514,0,10500,heldout
mlp_group,1,5,0.02266526222229004,0.006896555423736572,0,10500,heldout
mlp_group,1,6,0.005408763885498047,-0.006896555423736572,0,10500,heldout
mlp_group,1,7,0.110931396484375,0.041379332542419434,0,10500,heldout
head,0,0,0.6010382175445557,0.15172412991523743,0,11000,heldout
head,0,1,0.4591643810272217,0.10344827175140381,0,11000,heldout
head,0,2,2.327466607093811,0.3724137842655182,0,11000,heldout
head,0,3,0.4879264831542969,0.1310344934463501,0,11000,heldout
mlp_group,0,0,0.008152008056640625,0.0,0,11000,heldout
mlp_group,0,1,0.007308244705200195,0.0,0,11000,heldout
mlp_group,0,2,0.008441448211669922,0.0,0,11000,heldout
mlp_group,0,3,0.005817413330078125,0.0,0,11000,heldout
mlp_group,0,4,0.011199474334716797,0.0,0,11000,heldout
mlp_group,0,5,0.007010817527770996,0.0,0,11000,heldout
mlp_group,0,6,0.009221673011779785,0.0,0,11000,heldout
mlp_group,0,7,0.008536696434020996,0.0,0,11000,heldout
head,1,0,1.0892285108566284,0.2137930989265442,0,11000,heldout
head,1,1,0.8966959714889526,0.24827584624290466,0,11000,heldout
head,1,2,0.912838339805603,0.15172412991523743,0,11000,heldout
head,1,3,0.4623861312866211,0.09655171632766724,0,11000,heldout
mlp_group,1,0,0.08244848251342773,0.0,0,11000,heldout
mlp_group,1,1,0.015172004699707031,-0.02758622169494629,0,11000,heldout
mlp_group,1,2,-0.00710141658782959,0.020689666271209717,0,11000,heldout
mlp_group,1,3,0.02897202968597412,0.020689666271209717,0,11000,heldout
mlp_group,1,4,-0.034203410148620605,-0.006896555423736572,0,11000,heldout
mlp_group,1,5,0.023096323013305664,0.0,0,11000,heldout
mlp_group,1,6,0.006242275238037109,0.0,0,11000,heldout
mlp_group,1,7,0.12691307067871094,0.006896555423736572,0,11000,heldout
head,0,0,0.8343034982681274,0.24827587604522705,0,11500,heldout
head,0,1,0.8821696043014526,0.317241370677948,0,11500,heldout
head,0,2,2.388822913169861,0.420689657330513,0,11500,heldout
head,0,3,0.8992027044296265,0.2689655125141144,0,11500,heldout
mlp_group,0,0,0.01011192798614502,0.0,0,11500,heldout
mlp_group,0,1,0.0073261260986328125,-0.006896555423736572,0,11500,heldout
mlp_group,0,2,0.009405016899108887,0.0,0,11500,heldout
mlp_group,0,3,0.006770610809326172,0.0,0,11500,heldout
mlp_group,0,4,0.013432502746582031,-0.013793110847473145,0,11500,heldout
mlp_group,0,5,0.008334755897521973,-0.013793110847473145,0,11500,heldout
mlp_group,0,6,0.011871576309204102,0.0,0,11500,heldout
mlp_group,0,7,0.008137106895446777,-0.006896555423736572,0,11500,heldout
head,1,0,1.3548322916030884,0.3655172288417816,0,11500,heldout
head,1,1,1.349540114402771,0.4000000059604645,0,11500,heldout
head,1,2,1.4317010641098022,0.33103448152542114,0,11500,heldout
head,1,3,0.882423996925354,0.24137932062149048,0,11500,heldout
mlp_group,1,0,0.08729660511016846,0.013793110847473145,0,11500,heldout
mlp_group,1,1,-0.009036779403686523,0.020689666271209717,0,11500,heldout
mlp_group,1,2,-0.007376551628112793,0.006896555423736572,0,11500,heldout
mlp_group,1,3,0.013058781623840332,0.013793110847473145,0,11500,heldout
mlp_group,1,4,-0.03197324275970459,-0.006896555423736572,0,11500,heldout
mlp_group,1,5,0.026661157608032227,0.020689666271209717,0,11500,heldout
mlp_group,1,6,0.02178800106048584,0.013793110847473145,0,11500,heldout
mlp_group,1,7,0.13453400135040283,0.048275887966156006,0,11500,heldout
head,0,0,1.0138754844665527,0.317241370677948,0,12000,heldout
head,0,1,1.156339168548584,0.3379310369491577,0,12000,heldout
head,0,2,2.348320722579956,0.4275861978530884,0,12000,heldout
head,0,3,1.0892739295959473,0.33103448152542114,0,12000,heldout
mlp_group,0,0,0.008513331413269043,0.0,0,12000,heldout
mlp_group,0,1,0.004353642463684082,0.0,0,12000,heldout
mlp_group,0,2,0.007605314254760742,0.0,0,12000,heldout
mlp_group,0,3,0.005064964294433594,0.0,0,12000,heldout
mlp_group,0,4,0.010815978050231934,0.006896555423736572,0,12000,heldout
mlp_group,0,5,0.007124900817871094,0.006896555423736572,0,12000,heldout
mlp_group,0,6,0.011658072471618652,0.006896555423736572,0,12000,heldout
mlp_group,0,7,0.004915595054626465,0.006896555423736572,0,12000,heldout
head,1,0,1.3942434787750244,0.3379310369491577,0,12000,heldout
head,1,1,1.5145487785339355,0.43448275327682495,0,12000,heldout
head,1,2,1.6697664260864258,0.3724137842655182,0,12000,heldout
head,1,3,1.1898281574249268,0.32413792610168457,0,12000,heldout
mlp_group,1,0,0.07889378070831299,0.006896555423736572,0,12000,heldout
mlp_group,1,1,-0.005075216293334961,0.006896555423736572,0,12000,heldout
mlp_group,1,2,-0.011138558387756348,-0.006896555423736572,0,12000,heldout
mlp_group,1,3,0.013045787811279297,0.013793110847473145,0,12000,heldout
mlp_group,1,4,-0.045499205589294434,-0.006896555423736572,0,12000,heldout
mlp_group,1,5,0.020162582397460938,-0.006896555423736572,0,12000,heldout
mlp_group,1,6,0.021840929985046387,0.020689666271209717,0,12000,heldout
mlp_group,1,7,0.14157235622406006,0.04137927293777466,0,12000,heldout
head,0,0,1.113059163093567,0.33103448152542114,0,12500,heldout
head,0,1,1.3100188970565796,0.3448275625705719,0,12500,heldout
head,0,2,2.2012263536453247,0.4206896424293518,0,12500,heldout
head,0,3,1.1584991216659546,0.35862067341804504,0,12500,heldout
mlp_group,0,0,0.0101701021194458,0.020689666271209717,0,12500,heldout
mlp_group,0,1,0.0083235502243042,0.02758622169494629,0,12500,heldout
mlp_group,0,2,0.013854742050170898,0.02758622169494629,0,12500,heldout
mlp_group,0,3,0.006547689437866211,0.013793110847473145,0,12500,heldout
mlp_group,0,4,0.015628576278686523,0.02758622169494629,0,12500,heldout
mlp_group,0,5,0.014008641242980957,0.02758622169494629,0,12500,heldout
mlp_group,0,6,0.016402125358581543,0.02758622169494629,0,12500,heldout
mlp_group,0,7,0.009209632873535156,0.02758622169494629,0,12500,heldout
head,1,0,1.3074201345443726,0.25517240166664124,0,12500,heldout
head,1,1,1.5067366361618042,0.38620689511299133,0,12500,heldout
head,1,2,1.7262593507766724,0.33103448152542114,0,12500,heldout
head,1,3,1.3126991987228394,0.3103448152542114,0,12500,heldout
mlp_group,1,0,0.0820232629776001,0.02758622169494629,0,12500,heldout
mlp_group,1,1,-0.00984179973602295,0.02758622169494629,0,12500,heldout
mlp_group,1,2,-0.012310981750488281,0.006896555423736572,0,12500,heldout
mlp_group,1,3,0.013531923294067383,0.020689666271209717,0,12500,heldout
mlp_group,1,4,-0.04472851753234863,0.0,0,12500,heldout
mlp_group,1,5,0.012907028198242188,0.0,0,12500,heldout
mlp_group,1,6,0.030875325202941895,0.04137927293777466,0,12500,heldout
mlp_group,1,7,0.13865721225738525,0.0551723837852478,0,12500,heldout
head,0,0,1.2574806213378906,0.33103448152542114,0,13000,heldout
head,0,1,1.495542049407959,0.35172411799430847,0,13000,heldout
head,0,2,2.137477159500122,0.3931034356355667,0,13000,heldout
head,0,3,1.240347146987915,0.32413792610168457,0,13000,heldout
mlp_group,0,0,0.014160752296447754,0.013793110847473145,0,13000,heldout
mlp_group,0,1,0.01690196990966797,0.013793110847473145,0,13000,heldout
mlp_group,0,2,0.027609705924987793,0.020689666271209717,0,13000,heldout
mlp_group,0,3,0.009177923202514648,0.006896555423736572,0,13000,heldout
mlp_group,0,4,0.026614069938659668,0.020689666271209717,0,13000,heldout
mlp_group,0,5,0.03179347515106201,0.020689666271209717,0,13000,heldout
mlp_group,0,6,0.025550127029418945,0.013793110847473145,0,13000,heldout
mlp_group,0,7,0.019481301307678223,0.020689666271209717,0,13000,heldout
head,1,0,1.3124372959136963,0.25517240166664124,0,13000,heldout
head,1,1,1.5624141693115234,0.35172411799430847,0,13000,heldout
head,1,2,1.8141233921051025,0.3379310071468353,0,13000,heldout
head,1,3,1.4754326343536377,0.2965517044067383,0,13000,heldout
mlp_group,1,0,0.08380591869354248,0.013793110847473145,0,13000,heldout
mlp_group,1,1,-0.01744973659515381,0.020689666271209717,0,13000,heldout
mlp_group,1,2,-0.013655543327331543,-0.013793110847473145,0,13000,heldout
mlp_group,1,3,0.018712162971496582,0.013793110847473145,0,13000,heldout
mlp_group,1,4,-0.03331911563873291,0.0,0,13000,heldout
mlp_group,1,5,0.008816123008728027,0.0,0,13000,heldout
mlp_group,1,6,0.04124271869659424,0.034482717514038086,0,13000,heldout
mlp_group,1,7,0.14439082145690918,0.04827582836151123,0,13000,heldout
head,0,0,0.95229572057724,0.27586206793785095,0,13500,heldout
head,0,1,0.792783796787262,0.22068965435028076,0,13500,heldout
head,0,2,2.1474215388298035,0.4482758641242981,0,13500,heldout
head,0,3,0.5362678170204163,0.10344827175140381,0,13500,heldout
mlp_group,0,0,0.004874289035797119,0.0,0,13500,heldout
mlp_group,0,1,0.0030521154403686523,0.0,0,13500,heldout
mlp_group,0,2,0.005739867687225342,0.0,0,13500,heldout
mlp_group,0,3,0.004850983619689941,0.0,0,13500,heldout
mlp_group,0,4,0.0042705535888671875,0.0,0,13500,heldout
mlp_group,0,5,0.005397021770477295,0.0,0,13500,heldout
mlp_group,0,6,0.004332542419433594,0.0,0,13500,heldout
mlp_group,0,7,0.004708826541900635,0.0,0,13500,heldout
head,1,0,0.8695394396781921,0.2137930989265442,0,13500,heldout
head,1,1,0.6741898655891418,0.22068965435028076,0,13500,heldout
head,1,2,1.2621120810508728,0.35862067341804504,0,13500,heldout
head,1,3,0.8639312386512756,0.1862068772315979,0,13500,heldout
mlp_group,1,0,0.10902142524719238,0.013793110847473145,0,13500,heldout
mlp_group,1,1,0.011971712112426758,0.013793110847473145,0,13500,heldout
mlp_group,1,2,-0.010661065578460693,0.0,0,13500,heldout
mlp_group,1,3,0.00918722152709961,0.006896555423736572,0,13500,heldout
mlp_group,1,4,-0.008409380912780762,-0.006896555423736572,0,13500,heldout
mlp_group,1,5,-0.0048770904541015625,-0.006896555423736572,0,13500,heldout
mlp_group,1,6,-0.0006952881813049316,0.013793110847473145,0,13500,heldout
mlp_group,1,7,0.1167859435081482,0.04137927293777466,0,13500,heldout
head,0,0,1.1661903262138367,0.3724137842655182,0,14000,heldout
head,0,1,1.3484700322151184,0.4206896722316742,0,14000,heldout
head,0,2,2.5748561024665833,0.53793103992939,0,14000,heldout
head,0,3,0.8357394337654114,0.2137930989265442,0,14000,heldout
mlp_group,0,0,0.003180265426635742,0.020689666271209717,0,14000,heldout
mlp_group,0,1,-0.0018959641456604004,0.006896555423736572,0,14000,heldout
mlp_group,0,2,0.00413590669631958,0.020689666271209717,0,14000,heldout
mlp_group,0,3,0.003435790538787842,0.020689666271209717,0,14000,heldout
mlp_group,0,4,-0.0004291534423828125,0.013793110847473145,0,14000,heldout
mlp_group,0,5,0.003040015697479248,0.020689666271209717,0,14000,heldout
mlp_group,0,6,-0.00041979551315307617,0.020689666271209717,0,14000,heldout
mlp_group,0,7,0.002124786376953125,0.020689666271209717,0,14000,heldout
head,1,0,1.138217270374298,0.3724137842655182,0,14000,heldout
head,1,1,1.1949301362037659,0.3724137842655182,0,14000,heldout
head,1,2,1.5334931015968323,0.4689655303955078,0,14000,heldout
head,1,3,1.3152866959571838,0.32413792610168457,0,14000,heldout
mlp_group,1,0,0.11009782552719116,0.041379332542419434,0,14000,heldout
mlp_group,1,1,-0.014345288276672363,0.02758622169494629,0,14000,heldout
mlp_group,1,2,-0.003802359104156494,0.013793110847473145,0,14000,heldout
mlp_group,1,3,0.020862877368927002,0.006896555423736572,0,14000,heldout
mlp_group,1,4,-0.0030214786529541016,0.0,0,14000,heldout
mlp_group,1,5,0.0029489994049072266,0.0,0,14000,heldout
mlp_group,1,6,0.004855334758758545,-0.006896555423736572,0,14000,heldout
mlp_group,1,7,0.1536726951599121,0.05517244338989258,0,14000,heldout
head,0,0,1.2889774441719055,0.37931033968925476,0,14500,heldout
head,0,1,1.5910778641700745,0.3999999761581421,0,14500,heldout
head,0,2,2.5690680146217346,0.5172413736581802,0,14500,heldout
head,0,3,1.0241820216178894,0.2620689570903778,0,14500,heldout
mlp_group,0,0,0.004916965961456299,-0.006896555423736572,0,14500,heldout
mlp_group,0,1,-0.002425074577331543,-0.006896555423736572,0,14500,heldout
mlp_group,0,2,0.00548321008682251,0.0,0,14500,heldout
mlp_group,0,3,0.005083322525024414,0.006896555423736572,0,14500,heldout
mlp_group,0,4,-0.0004895925521850586,0.0,0,14500,heldout
mlp_group,0,5,0.004751026630401611,-0.006896555423736572,0,14500,heldout
mlp_group,0,6,-0.0014214515686035156,0.0,0,14500,heldout
mlp_group,0,7,0.0018851757049560547,0.0,0,14500,heldout
head,1,0,1.2389898896217346,0.37931033968925476,0,14500,heldout
head,1,1,1.411009132862091,0.3999999761581421,0,14500,heldout
head,1,2,1.7196770310401917,0.46206894516944885,0,14500,heldout
head,1,3,1.535651981830597,0.3931034505367279,0,14500,heldout
mlp_group,1,0,0.1271408200263977,0.04137927293777466,0,14500,heldout
mlp_group,1,1,-0.02087324857711792,0.013793110847473145,0,14500,heldout
mlp_group,1,2,0.002900421619415283,0.0,0,14500,heldout
mlp_group,1,3,0.024965345859527588,0.02758622169494629,0,14500,heldout
mlp_group,1,4,-0.005540668964385986,-0.013793110847473145,0,14500,heldout
mlp_group,1,5,-0.00193101167678833,-0.013793110847473145,0,14500,heldout
mlp_group,1,6,0.014942944049835205,-0.02758622169494629,0,14500,heldout
mlp_group,1,7,0.18004971742630005,0.0551723837852478,0,14500,heldout
head,0,0,1.3744605779647827,0.3655172288417816,0,15000,heldout
head,0,1,1.7439333200454712,0.40689653158187866,0,15000,heldout
head,0,2,2.4631131887435913,0.4965517073869705,0,15000,heldout
head,0,3,1.1371430158615112,0.30344825983047485,0,15000,heldout
mlp_group,0,0,0.013745427131652832,0.006896555423736572,0,15000,heldout
mlp_group,0,1,0.001788318157196045,0.0,0,15000,heldout
mlp_group,0,2,0.014057040214538574,0.006896555423736572,0,15000,heldout
mlp_group,0,3,0.014643192291259766,0.013793110847473145,0,15000,heldout
mlp_group,0,4,0.005742490291595459,0.0,0,15000,heldout
mlp_group,0,5,0.013913631439208984,0.006896555423736572,0,15000,heldout
mlp_group,0,6,0.005186796188354492,0.0,0,15000,heldout
mlp_group,0,7,0.005924046039581299,0.006896555423736572,0,15000,heldout
head,1,0,1.3085795640945435,0.317241370677948,0,15000,heldout
head,1,1,1.4951056241989136,0.3999999761581421,0,15000,heldout
head,1,2,1.8253828287124634,0.46206894516944885,0,15000,heldout
head,1,3,1.6808847188949585,0.3931034207344055,0,15000,heldout
mlp_group,1,0,0.15940093994140625,0.02068960666656494,0,15000,heldout
mlp_group,1,1,-0.030996859073638916,-0.013793110847473145,0,15000,heldout
mlp_group,1,2,0.003674924373626709,-0.006896555423736572,0,15000,heldout
mlp_group,1,3,0.02042245864868164,0.0,0,15000,heldout
mlp_group,1,4,-0.00705641508102417,-0.006896555423736572,0,15000,heldout
mlp_group,1,5,-0.0044942498207092285,-0.006896555423736572,0,15000,heldout
mlp_group,1,6,0.02456563711166382,-0.03448277711868286,0,15000,heldout
mlp_group,1,7,0.21793556213378906,0.04137927293777466,0,15000,heldout
head,0,0,1.4910868406295776,0.41379308700561523,0,15500,heldout
head,0,1,1.900164246559143,0.4413793087005615,0,15500,heldout
head,0,2,2.4635485410690308,0.48275861144065857,0,15500,heldout
head,0,3,1.3003212213516235,0.35172411799430847,0,15500,heldout
mlp_group,0,0,0.02478712797164917,0.020689666271209717,0,15500,heldout
mlp_group,0,1,0.008730113506317139,0.006896555423736572,0,15500,heldout
mlp_group,0,2,0.03224378824234009,0.020689666271209717,0,15500,heldout
mlp_group,0,3,0.0345272421836853,0.020689666271209717,0,15500,heldout
mlp_group,0,4,0.014615058898925781,0.013793110847473145,0,15500,heldout
mlp_group,0,5,0.02718871831893921,0.020689666271209717,0,15500,heldout
mlp_group,0,6,0.01769554615020752,0.020689666271209717,0,15500,heldout
mlp_group,0,7,0.011797964572906494,0.013793110847473145,0,15500,heldout
head,1,0,1.415018916130066,0.3448275625705719,0,15500,heldout
head,1,1,1.6119414567947388,0.4482758343219757,0,15500,heldout
head,1,2,1.9159265756607056,0.46206894516944885,0,15500,heldout
head,1,3,1.8472062349319458,0.41379308700561523,0,15500,heldout
mlp_group,1,0,0.21429622173309326,0.04827582836151123,0,15500,heldout
mlp_group,1,1,-0.035584092140197754,-0.02758622169494629,0,15500,heldout
mlp_group,1,2,0.003144979476928711,-0.006896555423736572,0,15500,heldout
mlp_group,1,3,0.02188277244567871,0.013793110847473145,0,15500,heldout
mlp_group,1,4,-0.006434202194213867,0.013793110847473145,0,15500,heldout
mlp_group,1,5,-0.004186451435089111,0.0,0,15500,heldout
mlp_group,1,6,0.03718620538711548,-0.020689666271209717,0,15500,heldout
mlp_group,1,7,0.26481330394744873,0.02758622169494629,0,15500,heldout
head,0,0,1.3894025683403015,0.35862067341804504,0,16000,heldout
head,0,1,1.3811988234519958,0.4689655005931854,0,16000,heldout
head,0,2,2.432869613170624,0.48275861144065857,0,16000,heldout
head,0,3,0.8811257481575012,0.22758620977401733,0,16000,heldout
mlp_group,0,0,0.006641894578933716,0.0,0,16000,heldout
mlp_group,0,1,0.0071326494216918945,0.0,0,16000,heldout
mlp_group,0,2,0.016044676303863525,0.006896555423736572,0,16000,heldout
mlp_group,0,3,0.006781071424484253,0.0,0,16000,heldout
mlp_group,0,4,0.00718611478805542,0.0,0,16000,heldout
mlp_group,0,5,0.004059880971908569,0.0,0,16000,heldout
mlp_group,0,6,0.009138524532318115,0.0,0,16000,heldout
mlp_group,0,7,0.005216360092163086,0.0,0,16000,heldout
head,1,0,1.3014467358589172,0.3655172288417816,0,16000,heldout
head,1,1,1.3742921948432922,0.3655172288417816,0,16000,heldout
head,1,2,1.622231662273407,0.4482758343219757,0,16000,heldout
head,1,3,1.3447917103767395,0.37931033968925476,0,16000,heldout
mlp_group,1,0,0.12131589651107788,0.020689666271209717,0,16000,heldout
mlp_group,1,1,-0.03800007700920105,-0.013793110847473145,0,16000,heldout
mlp_group,1,2,0.01556849479675293,0.013793110847473145,0,16000,heldout
mlp_group,1,3,0.0035134851932525635,0.006896555423736572,0,16000,heldout
mlp_group,1,4,-0.0008821189403533936,0.006896555423736572,0,16000,heldout
mlp_group,1,5,0.001301586627960205,-0.006896555423736572,0,16000,heldout
mlp_group,1,6,0.02007538080215454,0.0,0,16000,heldout
mlp_group,1,7,0.19937056303024292,0.027586162090301514,0,16000,heldout
head,0,0,1.653596818447113,0.4206896424293518,0,16500,heldout
head,0,1,2.0039021372795105,0.5586206912994385,0,16500,heldout
head,0,2,2.8094746470451355,0.5862068831920624,0,16500,heldout
head,0,3,1.2598301768302917,0.37931036949157715,0,16500,heldout
mlp_group,0,0,0.009980469942092896,0.013793110847473145,0,16500,heldout
mlp_group,0,1,0.014081239700317383,0.020689666271209717,0,16500,heldout
mlp_group,0,2,0.011834502220153809,0.006896555423736572,0,16500,heldout
mlp_group,0,3,0.010136663913726807,0.013793110847473145,0,16500,heldout
mlp_group,0,4,0.014396876096725464,0.013793110847473145,0,16500,heldout
mlp_group,0,5,0.010383665561676025,0.013793110847473145,0,16500,heldout
mlp_group,0,6,0.017941296100616455,0.020689666271209717,0,16500,heldout
mlp_group,0,7,0.014005780220031738,0.020689666271209717,0,16500,heldout
head,1,0,1.631203830242157,0.46206897497177124,0,16500,heldout
head,1,1,1.9713117480278015,0.5379310250282288,0,16500,heldout
head,1,2,2.0332319140434265,0.5241379141807556,0,16500,heldout
head,1,3,1.7904037833213806,0.45517241954803467,0,16500,heldout
mlp_group,1,0,0.18034058809280396,0.02758622169494629,0,16500,heldout
mlp_group,1,1,-0.02477264404296875,-0.03448277711868286,0,16500,heldout
mlp_group,1,2,0.011673033237457275,-0.006896555423736572,0,16500,heldout
mlp_group,1,3,0.005231350660324097,-0.006896555423736572,0,16500,heldout
mlp_group,1,4,-0.009648710489273071,-0.020689666271209717,0,16500,heldout
mlp_group,1,5,-0.0028060972690582275,-0.006896555423736572,0,16500,heldout
mlp_group,1,6,0.02050843834877014,-0.013793110847473145,0,16500,heldout
mlp_group,1,7,0.2538090944290161,0.0551723837852478,0,16500,heldout
head,0,0,1.707884430885315,0.4689655005931854,0,17000,heldout
head,0,1,2.2499791383743286,0.5310344696044922,0,17000,heldout
head,0,2,2.87655508518219,0.5655172169208527,0,17000,heldout
head,0,3,1.4414538145065308,0.4413793087005615,0,17000,heldout
mlp_group,0,0,0.017358869314193726,0.0,0,17000,heldout
mlp_group,0,1,0.016361206769943237,0.0,0,17000,heldout
mlp_group,0,2,0.01524364948272705,0.006896555423736572,0,17000,heldout
mlp_group,0,3,0.022918641567230225,0.0,0,17000,heldout
mlp_group,0,4,0.020090341567993164,0.006896555423736572,0,17000,heldout
mlp_group,0,5,0.01708880066871643,0.0,0,17000,heldout
mlp_group,0,6,0.02456265687942505,0.0,0,17000,heldout
mlp_group,0,7,0.019375354051589966,0.0,0,17000,heldout
head,1,0,1.6518605947494507,0.3655172288417816,0,17000,heldout
head,1,1,2.070287585258484,0.5379310250282288,0,17000,heldout
head,1,2,2.115134119987488,0.5103448033332825,0,17000,heldout
head,1,3,1.9109810590744019,0.4482758343219757,0,17000,heldout
mlp_group,1,0,0.2028942108154297,0.02758622169494629,0,17000,heldout
mlp_group,1,1,-0.03206321597099304,-0.02758622169494629,0,17000,heldout
mlp_group,1,2,0.023231834173202515,0.006896555423736572,0,17000,heldout
mlp_group,1,3,0.0029889941215515137,-0.006896555423736572,0,17000,heldout
mlp_group,1,4,-0.006993532180786133,-0.013793110847473145,0,17000,heldout
mlp_group,1,5,-0.005783706903457642,0.0,0,17000,heldout
mlp_group,1,6,0.017064809799194336,0.0,0,17000,heldout
mlp_group,1,7,0.2050098180770874,0.02758622169494629,0,17000,heldout
head,0,0,0.9357016682624817,0.38620686531066895,0,17500,heldout
head,0,1,1.5255497097969055,0.38620686531066895,0,17500,heldout
head,0,2,2.354043424129486,0.5517241060733795,0,17500,heldout
head,0,3,0.8655157685279846,0.3103448152542114,0,17500,heldout
mlp_group,0,0,0.0032524913549423218,0.006896555423736572,0,17500,heldout
mlp_group,0,1,-0.0011906325817108154,-0.006896555423736572,0,17500,heldout
mlp_group,0,2,0.0031043440103530884,0.0,0,17500,heldout
mlp_group,0,3,-2.409517765045166e-05,0.0,0,17500,heldout
mlp_group,0,4,-0.0004089176654815674,-0.006896555423736572,0,17500,heldout
mlp_group,0,5,-0.0004195868968963623,-0.006896555423736572,0,17500,heldout
mlp_group,0,6,-0.0005594193935394287,-0.006896555423736572,0,17500,heldout
mlp_group,0,7,-0.0010825693607330322,-0.006896555423736572,0,17500,heldout
head,1,0,1.2468937039375305,0.40689653158187866,0,17500,heldout
head,1,1,1.4205676913261414,0.41379308700561523,0,17500,heldout
head,1,2,1.621813952922821,0.5379310250282288,0,17500,heldout
head,1,3,1.2941407561302185,0.3999999761581421,0,17500,heldout
mlp_group,1,0,0.14177125692367554,0.034482717514038086,0,17500,heldout
mlp_group,1,1,-0.013519585132598877,0.0,0,17500,heldout
mlp_group,1,2,0.014372646808624268,0.006896555423736572,0,17500,heldout
mlp_group,1,3,-0.00916166603565216,-0.006896555423736572,0,17500,heldout
mlp_group,1,4,-0.007075011730194092,0.0,0,17500,heldout
mlp_group,1,5,0.004484638571739197,0.0,0,17500,heldout
mlp_group,1,6,0.0038779079914093018,0.006896555423736572,0,17500,heldout
mlp_group,1,7,0.12242057919502258,0.0551723837852478,0,17500,heldout
head,0,0,1.436458706855774,0.48275861144065857,0,18000,heldout
head,0,1,2.1650168895721436,0.5103448033332825,0,18000,heldout
head,0,2,2.759275436401367,0.5724137723445892,0,18000,heldout
head,0,3,1.4135059118270874,0.45517241954803467,0,18000,heldout
mlp_group,0,0,0.0025191009044647217,-0.006896555423736572,0,18000,heldout
mlp_group,0,1,-0.0025356262922286987,-0.006896555423736572,0,18000,heldout
mlp_group,0,2,0.001249939203262329,-0.006896555423736572,0,18000,heldout
mlp_group,0,3,-0.0015917718410491943,-0.006896555423736572,0,18000,heldout
mlp_group,0,4,-0.001879379153251648,-0.006896555423736572,0,18000,heldout
mlp_group,0,5,-0.0015466958284378052,-0.006896555423736572,0,18000,heldout
mlp_group,0,6,-0.002464964985847473,-0.006896555423736572,0,18000,heldout
mlp_group,0,7,-0.001481860876083374,-0.006896555423736572,0,18000,heldout
head,1,0,1.6384708881378174,0.4689655005931854,0,18000,heldout
head,1,1,1.9027578830718994,0.517241358757019,0,18000,heldout
head,1,2,2.016744375228882,0.5793103277683258,0,18000,heldout
head,1,3,1.8067214488983154,0.517241358757019,0,18000,heldout
mlp_group,1,0,0.1806100308895111,0.04137927293777466,0,18000,heldout
mlp_group,1,1,-0.009849056601524353,-0.006896555423736572,0,18000,heldout
mlp_group,1,2,0.016443386673927307,-0.006896555423736572,0,18000,heldout
mlp_group,1,3,-0.00816778838634491,-0.006896555423736572,0,18000,heldout
mlp_group,1,4,-0.007570639252662659,-0.006896555423736572,0,18000,heldout
mlp_group,1,5,0.005365356802940369,-0.006896555423736572,0,18000,heldout
mlp_group,1,6,0.01664149761199951,0.0,0,18000,heldout
mlp_group,1,7,0.1516854166984558,0.04827582836151123,0,18000,heldout
head,0,0,1.7262554466724396,0.5448275804519653,0,18500,heldout
head,0,1,2.4675168097019196,0.5999999940395355,0,18500,heldout
head,0,2,2.966116577386856,0.5862068831920624,0,18500,heldout
head,0,3,1.602275401353836,0.4689655303955078,0,18500,heldout
mlp_group,0,0,-0.0009575933218002319,-0.006896555423736572,0,18500,heldout
mlp_group,0,1,-0.005944639444351196,-0.006896555423736572,0,18500,heldout
mlp_group,0,2,-0.0033465921878814697,-0.006896555423736572,0,18500,heldout
mlp_group,0,3,-0.00533970445394516,-0.006896555423736572,0,18500,heldout
mlp_group,0,4,-0.005472689867019653,-0.006896555423736572,0,18500,heldout
mlp_group,0,5,-0.004351973533630371,-0.006896555423736572,0,18500,heldout
mlp_group,0,6,-0.005671024322509766,-0.006896555423736572,0,18500,heldout
mlp_group,0,7,-0.002620600163936615,-0.006896555423736572,0,18500,heldout
head,1,0,1.8905326426029205,0.48275861144065857,0,18500,heldout
head,1,1,2.0150939524173737,0.5448275804519653,0,18500,heldout
head,1,2,2.108593851327896,0.5724137723445892,0,18500,heldout
head,1,3,2.044788509607315,0.5448275804519653,0,18500,heldout
mlp_group,1,0,0.17233455181121826,0.0551723837852478,0,18500,heldout
mlp_group,1,1,-0.0072947293519973755,-0.006896555423736572,0,18500,heldout
mlp_group,1,2,0.015766099095344543,0.006896555423736572,0,18500,heldout
mlp_group,1,3,-0.00601506233215332,-0.006896555423736572,0,18500,heldout
mlp_group,1,4,-0.005724959075450897,-0.006896555423736572,0,18500,heldout
mlp_group,1,5,0.007714428007602692,-0.006896555423736572,0,18500,heldout
mlp_group,1,6,0.021548330783843994,-0.006896555423736572,0,18500,heldout
mlp_group,1,7,0.1553983986377716,0.062068939208984375,0,18500,heldout
head,0,0,1.9597224295139313,0.6068965494632721,0,19000,heldout
head,0,1,2.73156276345253,0.6275862157344818,0,19000,heldout
head,0,2,3.2081739008426666,0.6413792967796326,0,19000,heldout
head,0,3,1.780419498682022,0.48965519666671753,0,19000,heldout
mlp_group,0,0,0.0008124150335788727,0.0,0,19000,heldout
mlp_group,0,1,0.014940358698368073,0.006896555423736572,0,19000,heldout
mlp_group,0,2,0.0011997856199741364,0.0,0,19000,heldout
mlp_group,0,3,0.0016159303486347198,0.0,0,19000,heldout
mlp_group,0,4,0.003651503473520279,0.0,0,19000,heldout
mlp_group,0,5,-0.002373725175857544,0.0,0,19000,heldout
mlp_group,0,6,-0.0014364980161190033,0.0,0,19000,heldout
mlp_group,0,7,-0.001144450157880783,0.0,0,19000,heldout
head,1,0,2.116770178079605,0.5034482777118683,0,19000,heldout
head,1,1,2.0717596113681793,0.5517241358757019,0,19000,heldout
head,1,2,2.134082466363907,0.5724138021469116,0,19000,heldout
head,1,3,2.220639854669571,0.5999999940395355,0,19000,heldout
mlp_group,1,0,0.14730162918567657,0.041379332542419434,0,19000,heldout
mlp_group,1,1,-0.003285203129053116,0.0,0,19000,heldout
mlp_group,1,2,0.009219501167535782,0.0,0,19000,heldout
mlp_group,1,3,0.0002848692238330841,0.0,0,19000,heldout
mlp_group,1,4,-0.0011377707123756409,0.0,0,19000,heldout
mlp_group,1,5,0.005852352827787399,0.0,0,19000,heldout
mlp_group,1,6,0.021769188344478607,0.0,0,19000,heldout
mlp_group,1,7,0.15367616713047028,0.06896549463272095,0,19000,heldout
head,0,0,1.0837631151080132,0.3724138140678406,0,19500,heldout
head,0,1,1.0858236476778984,0.35862070322036743,0,19500,heldout
head,0,2,1.7521433755755424,0.517241358757019,0,19500,heldout
head,0,3,0.8983828946948051,0.2965517044067383,0,19500,heldout
mlp_group,0,0,2.1830201148986816e-05,-0.006896555423736572,0,19500,heldout
mlp_group,0,1,-0.0009353086352348328,-0.006896555423736572,0,19500,heldout
mlp_group,0,2,-0.00026825815439224243,-0.006896555423736572,0,19500,heldout
mlp_group,0,3,-0.0025139600038528442,-0.006896555423736572,0,19500,heldout
mlp_group,0,4,-0.0002529844641685486,-0.006896555423736572,0,19500,heldout
mlp_group,0,5,-0.0009188801050186157,-0.006896555423736572,0,19500,heldout
mlp_group,0,6,0.00025770068168640137,-0.006896555423736572,0,19500,heldout
mlp_group,0,7,-0.0011603683233261108,-0.006896555423736572,0,19500,heldout
head,1,0,1.285374991595745,0.3999999761581421,0,19500,heldout
head,1,1,1.4512112066149712,0.4689655303955078,0,19500,heldout
head,1,2,1.5590560361742973,0.5034482777118683,0,19500,heldout
head,1,3,0.9892721101641655,0.3448275923728943,0,19500,heldout
mlp_group,1,0,0.09307128936052322,0.02758622169494629,0,19500,heldout
mlp_group,1,1,-0.0069969892501831055,-0.006896555423736572,0,19500,heldout
mlp_group,1,2,0.006497375667095184,0.0,0,19500,heldout
mlp_group,1,3,0.0023296698927879333,-0.006896555423736572,0,19500,heldout
mlp_group,1,4,0.0028957203030586243,0.0,0,19500,heldout
mlp_group,1,5,-0.001236051321029663,-0.006896555423736572,0,19500,heldout
mlp_group,1,6,0.020623058080673218,0.0,0,19500,heldout
mlp_group,1,7,0.08790450543165207,0.02758622169494629,0,19500,heldout
head,0,0,1.460894599556923,0.46206897497177124,0,20000,heldout
head,0,1,1.7407412678003311,0.48965516686439514,0,20000,heldout
head,0,2,2.3177969604730606,0.5655172169208527,0,20000,heldout
head,0,3,1.3228125721216202,0.3999999761581421,0,20000,heldout
mlp_group,0,0,2.5309622287750244e-05,0.0,0,20000,heldout
mlp_group,0,1,-0.0013607069849967957,0.0,0,20000,heldout
mlp_group,0,2,0.0007822662591934204,-0.006896555423736572,0,20000,heldout
mlp_group,0,3,-0.001439601182937622,0.0,0,20000,heldout
mlp_group,0,4,-0.000658571720123291,0.0,0,20000,heldout
mlp_group,0,5,-0.00038047879934310913,0.0,0,20000,heldout
mlp_group,0,6,0.00038742274045944214,0.0,0,20000,heldout
mlp_group,0,7,-0.001120537519454956,0.0,0,20000,heldout
head,1,0,1.6742801815271378,0.4413793087005615,0,20000,heldout
head,1,1,1.8559172302484512,0.5103448033332825,0,20000,heldout
head,1,2,1.9984374195337296,0.593103438615799,0,20000,heldout
head,1,3,1.5669824033975601,0.4482758641242981,0,20000,heldout
mlp_group,1,0,0.16974328458309174,0.0551723837852478,0,20000,heldout
mlp_group,1,1,-0.004135563969612122,-0.013793110847473145,0,20000,heldout
mlp_group,1,2,0.01652214676141739,0.0,0,20000,heldout
mlp_group,1,3,0.00010420382022857666,0.0,0,20000,heldout
mlp_group,1,4,0.00195949524641037,0.0,0,20000,heldout
mlp_group,1,5,0.00932186096906662,-0.006896555423736572,0,20000,heldout
mlp_group,1,6,0.0442141592502594,0.0,0,20000,heldout
mlp_group,1,7,0.14300058782100677,0.0551723837852478,0,20000,heldout
head,0,0,1.7407846599817276,0.5241379141807556,0,20500,heldout
head,0,1,2.1233244091272354,0.5517241358757019,0,20500,heldout
head,0,2,2.6009931713342667,0.5862068831920624,0,20500,heldout
head,0,3,1.5704645067453384,0.4275861978530884,0,20500,heldout
mlp_group,0,0,-0.002288736402988434,-0.006896555423736572,0,20500,heldout
mlp_group,0,1,-0.004654671996831894,-0.013793110847473145,0,20500,heldout
mlp_group,0,2,-0.0006782859563827515,-0.006896555423736572,0,20500,heldout
mlp_group,0,3,-0.0019565895199775696,-0.006896555423736572,0,20500,heldout
mlp_group,0,4,-0.00318116694688797,-0.006896555423736572,0,20500,heldout
mlp_group,0,5,-0.001806061714887619,-0.006896555423736572,0,20500,heldout
mlp_group,0,6,-0.0002568364143371582,-0.006896555423736572,0,20500,heldout
mlp_group,0,7,-0.0021215304732322693,-0.006896555423736572,0,20500,heldout
head,1,0,1.9857354313135147,0.4758620858192444,0,20500,heldout
head,1,1,2.010586991906166,0.5310344696044922,0,20500,heldout
head,1,2,2.123966708779335,0.565517246723175,0,20500,heldout
head,1,3,1.954512134194374,0.5241379141807556,0,20500,heldout
mlp_group,1,0,0.17500503361225128,0.041379332542419434,0,20500,heldout
mlp_group,1,1,-0.00172395259141922,-0.013793110847473145,0,20500,heldout
mlp_group,1,2,0.011695519089698792,0.0,0,20500,heldout
mlp_group,1,3,0.0012329071760177612,-0.006896555423736572,0,20500,heldout
mlp_group,1,4,0.0020719319581985474,0.0,0,20500,heldout
mlp_group,1,5,0.006462961435317993,-0.006896555423736572,0,20500,heldout
mlp_group,1,6,0.05133702605962753,-0.013793110847473145,0,20500,heldout
mlp_group,1,7,0.1629609316587448,0.062068939208984375,0,20500,heldout
head,0,0,1.9892678931355476,0.5586206912994385,0,21000,heldout
head,0,1,2.3840850070118904,0.5793103575706482,0,21000,heldout
head,0,2,2.8472884371876717,0.6275862157344818,0,21000,heldout
head,0,3,1.7853629067540169,0.45517241954803467,0,21000,heldout
mlp_group,0,0,0.00017927959561347961,0.0,0,21000,heldout
mlp_group,0,1,0.0009089484810829163,0.0,0,21000,heldout
mlp_group,0,2,-0.0005647949874401093,0.0,0,21000,heldout
mlp_group,0,3,-0.001591518521308899,0.0,0,21000,heldout
mlp_group,0,4,-0.00024565309286117554,0.0,0,21000,heldout
mlp_group,0,5,-0.000917043536901474,0.0,0,21000,heldout
mlp_group,0,6,7.389113306999207e-05,0.0,0,21000,heldout
mlp_group,0,7,-0.0005217120051383972,0.0,0,21000,heldout
head,1,0,2.2736726477742195,0.5103448331356049,0,21000,heldout
head,1,1,2.105099745094776,0.5448275804519653,0,21000,heldout
head,1,2,2.1864677146077156,0.48965519666671753,0,21000,heldout
head,1,3,2.184170313179493,0.5517241358757019,0,21000,heldout
mlp_group,1,0,0.17197806388139725,0.041379332542419434,0,21000,heldout
mlp_group,1,1,0.00029164552688598633,0.0,0,21000,heldout
mlp_group,1,2,0.006124168634414673,0.0,0,21000,heldout
mlp_group,1,3,0.0016870424151420593,0.0,0,21000,heldout
mlp_group,1,4,0.0012319684028625488,0.0,0,21000,heldout
mlp_group,1,5,0.0016424506902694702,0.0,0,21000,heldout
mlp_group,1,6,0.07139743864536285,0.013793110847473145,0,21000,heldout
mlp_group,1,7,0.17246133834123611,0.06896549463272095,0,21000,heldout
head,0,0,1.4146121591329575,0.4551723897457123,0,21500,heldout
head,0,1,1.7468795627355576,0.4689655005931854,0,21500,heldout
head,0,2,3.03559647500515,0.675862044095993,0,21500,heldout
head,0,3,0.8762283176183701,0.317241370677948,0,21500,heldout
mlp_group,0,0,0.003938600420951843,0.0,0,21500,heldout
mlp_group,0,1,0.0013936907052993774,0.0,0,21500,heldout
mlp_group,0,2,0.007256537675857544,-0.006896555423736572,0,21500,heldout
mlp_group,0,3,0.004927277565002441,0.0,0,21500,heldout
mlp_group,0,4,0.004189744591712952,-0.006896555423736572,0,21500,heldout
mlp_group,0,5,0.006390362977981567,0.0,0,21500,heldout
mlp_group,0,6,0.00676959753036499,0.0,0,21500,heldout
mlp_group,0,7,0.0033436566591262817,0.0,0,21500,heldout
head,1,0,1.0660517066717148,0.27586203813552856,0,21500,heldout
head,1,1,1.807927593588829,0.4689655005931854,0,21500,heldout
head,1,2,2.1762398332357407,0.5241379141807556,0,21500,heldout
head,1,3,1.1351033300161362,0.32413792610168457,0,21500,heldout
mlp_group,1,0,0.13524897396564484,0.08275860548019409,0,21500,heldout
mlp_group,1,1,-0.0029450207948684692,-0.013793110847473145,0,21500,heldout
mlp_group,1,2,0.007099270820617676,-0.006896555423736572,0,21500,heldout
mlp_group,1,3,-0.0023421645164489746,-0.006896555423736572,0,21500,heldout
mlp_group,1,4,-0.006461784243583679,-0.013793110847473145,0,21500,heldout
mlp_group,1,5,0.008881017565727234,0.0,0,21500,heldout
mlp_group,1,6,0.026646435260772705,0.0,0,21500,heldout
mlp_group,1,7,0.0776209831237793,0.01379305124282837,0,21500,heldout
head,0,0,1.5692094787955284,0.5241379141807556,0,22000,heldout
head,0,1,2.0844031795859337,0.5310344696044922,0,22000,heldout
head,0,2,3.0238043293356895,0.7172413766384125,0,22000,heldout
head,0,3,1.3872750028967857,0.46206897497177124,0,22000,heldout
mlp_group,0,0,0.003420107066631317,0.0,0,22000,heldout
mlp_group,0,1,0.002815738320350647,-0.006896555423736572,0,22000,heldout
mlp_group,0,2,0.005302153527736664,0.0,0,22000,heldout
mlp_group,0,3,0.0029802247881889343,-0.006896555423736572,0,22000,heldout
mlp_group,0,4,0.0063676536083221436,0.006896555423736572,0,22000,heldout
mlp_group,0,5,0.004646755754947662,0.0,0,22000,heldout
mlp_group,0,6,0.003821060061454773,0.0,0,22000,heldout
mlp_group,0,7,0.0021695345640182495,0.0,0,22000,heldout
head,1,0,1.672102116048336,0.46206897497177124,0,22000,heldout
head,1,1,2.3908931240439415,0.5999999940395355,0,22000,heldout
head,1,2,2.6753126606345177,0.6689655184745789,0,22000,heldout
head,1,3,1.7190274223685265,0.4758620858192444,0,22000,heldout
mlp_group,1,0,0.14347466081380844,0.03448277711868286,0,22000,heldout
mlp_group,1,1,-0.0023031383752822876,0.0,0,22000,heldout
mlp_group,1,2,0.013906016945838928,0.006896555423736572,0,22000,heldout
mlp_group,1,3,-0.001414477825164795,0.0,0,22000,heldout
mlp_group,1,4,0.004219964146614075,0.006896555423736572,0,22000,heldout
mlp_group,1,5,0.01059325784444809,0.006896555423736572,0,22000,heldout
mlp_group,1,6,0.03961233049631119,0.013793110847473145,0,22000,heldout
mlp_group,1,7,0.11643771082162857,0.04827582836151123,0,22000,heldout
head,0,0,1.517309706658125,0.5241379141807556,0,22500,heldout
head,0,1,2.0243858508765697,0.5241379141807556,0,22500,heldout
head,0,2,2.6878792457282543,0.6896551549434662,0,22500,heldout
head,0,3,1.5896041803061962,0.4758620858192444,0,22500,heldout
mlp_group,0,0,0.00612075999379158,0.0,0,22500,heldout
mlp_group,0,1,0.00663955882191658,0.0,0,22500,heldout
mlp_group,0,2,0.008089523762464523,0.0,0,22500,heldout
mlp_group,0,3,0.0051675401628017426,0.0,0,22500,heldout
mlp_group,0,4,0.01129065826535225,0.0,0,22500,heldout
mlp_group,0,5,0.005254168063402176,0.0,0,22500,heldout
mlp_group,0,6,0.00398549810051918,0.0,0,22500,heldout
mlp_group,0,7,0.004025641828775406,0.0,0,22500,heldout
head,1,0,1.8513961248099804,0.46206897497177124,0,22500,heldout
head,1,1,2.5173358134925365,0.6551724076271057,0,22500,heldout
head,1,2,2.624925058335066,0.6551724076271057,0,22500,heldout
head,1,3,2.003204982727766,0.5517241358757019,0,22500,heldout
mlp_group,1,0,0.12014175578951836,0.020689666271209717,0,22500,heldout
mlp_group,1,1,-0.0034414269030094147,0.0,0,22500,heldout
mlp_group,1,2,0.014762546867132187,0.0,0,22500,heldout
mlp_group,1,3,6.579235196113586e-05,0.0,0,22500,heldout
mlp_group,1,4,0.008432086557149887,0.0,0,22500,heldout
mlp_group,1,5,0.010985445231199265,0.0,0,22500,heldout
mlp_group,1,6,0.046039726585149765,0.006896555423736572,0,22500,heldout
mlp_group,1,7,0.13993920013308525,0.06896549463272095,0,22500,heldout
head,0,0,1.485446210950613,0.4758620858192444,0,23000,heldout
head,0,1,2.1619170866906643,0.5448275804519653,0,23000,heldout
head,0,2,2.7048200331628323,0.6551724076271057,0,23000,heldout
head,0,3,1.578718539327383,0.4689655303955078,0,23000,heldout
mlp_group,0,0,0.0073455385863780975,0.0,0,23000,heldout
mlp_group,0,1,0.0014889463782310486,-0.006896555423736572,0,23000,heldout
mlp_group,0,2,0.006669096648693085,0.0,0,23000,heldout
mlp_group,0,3,0.0008395910263061523,-0.006896555423736572,0,23000,heldout
mlp_group,0,4,0.00934261828660965,0.0,0,23000,heldout
mlp_group,0,5,-5.291402339935303e-05,-0.006896555423736572,0,23000,heldout
mlp_group,0,6,0.00023243576288223267,-0.006896555423736572,0,23000,heldout
mlp_group,0,7,0.0004017762839794159,-0.006896555423736572,0,23000,heldout
head,1,0,1.9916146956384182,0.4482758641242981,0,23000,heldout
head,1,1,2.4109357558190823,0.6206896603107452,0,23000,heldout
head,1,2,2.5862101279199123,0.6137931048870087,0,23000,heldout
head,1,3,2.1575978957116604,0.5724138021469116,0,23000,heldout
mlp_group,1,0,0.08505449816584587,0.020689666271209717,0,23000,heldout
mlp_group,1,1,-0.004539672285318375,-0.006896555423736572,0,23000,heldout
mlp_group,1,2,0.014009449630975723,0.0,0,23000,heldout
mlp_group,1,3,4.7966837882995605e-05,-0.006896555423736572,0,23000,heldout
mlp_group,1,4,0.009811125695705414,0.0,0,23000,heldout
mlp_group,1,5,0.009367115795612335,0.0,0,23000,heldout
mlp_group,1,6,0.04230528697371483,0.0,0,23000,heldout
mlp_group,1,7,0.15596304461359978,0.06896549463272095,0,23000,heldout
head,0,0,2.3009708523750305,0.5448275506496429,0,23500,heldout
head,0,1,1.7831736207008362,0.5034482479095459,0,23500,heldout
head,0,2,0.7288587689399719,0.27586203813552856,0,23500,heldout
head,0,3,1.5251460671424866,0.4275861978530884,0,23500,heldout
mlp_group,0,0,-0.005932420492172241,0.0,0,23500,heldout
mlp_group,0,1,-0.0031150728464126587,0.0,0,23500,heldout
mlp_group,0,2,-0.007619991898536682,0.0,0,23500,heldout
mlp_group,0,3,-0.0014162957668304443,0.0,0,23500,heldout
mlp_group,0,4,-0.00415445864200592,0.0,0,23500,heldout
mlp_group,0,5,-0.0007576495409011841,0.0,0,23500,heldout
mlp_group,0,6,-0.0008102357387542725,0.0,0,23500,heldout
mlp_group,0,7,0.0001617521047592163,0.0,0,23500,heldout
head,1,0,1.5822506546974182,0.43448275327682495,0,23500,heldout
head,1,1,1.6289975047111511,0.4206896424293518,0,23500,heldout
head,1,2,1.7462499737739563,0.5034482479095459,0,23500,heldout
head,1,3,1.5540854334831238,0.4482758641242981,0,23500,heldout
mlp_group,1,0,0.06722193956375122,0.027586162090301514,0,23500,heldout
mlp_group,1,1,-0.01636606454849243,0.0,0,23500,heldout
mlp_group,1,2,0.03086763620376587,0.01379305124282837,0,23500,heldout
mlp_group,1,3,-0.007990837097167969,0.0,0,23500,heldout
mlp_group,1,4,-0.00032782554626464844,0.006896555423736572,0,23500,heldout
mlp_group,1,5,0.00685805082321167,0.006896555423736572,0,23500,heldout
mlp_group,1,6,-0.010916575789451599,-0.006896555423736572,0,23500,heldout
mlp_group,1,7,0.05273887515068054,0.02068960666656494,0,23500,heldout
head,0,0,2.9762592166662216,0.6275861859321594,0,24000,heldout
head,0,1,2.900208219885826,0.6482758224010468,0,24000,heldout
head,0,2,1.5888155549764633,0.41379308700561523,0,24000,heldout
head,0,3,2.230333313345909,0.5310344696044922,0,24000,heldout
mlp_group,0,0,-0.004380956292152405,0.0,0,24000,heldout
mlp_group,0,1,-0.0015062838792800903,0.0,0,24000,heldout
mlp_group,0,2,-0.005538269877433777,0.0,0,24000,heldout
mlp_group,0,3,0.0005165785551071167,0.0,0,24000,heldout
mlp_group,0,4,5.65648078918457e-05,0.0,0,24000,heldout
mlp_group,0,5,-0.00034815073013305664,0.0,0,24000,heldout
mlp_group,0,6,0.0035959482192993164,0.0,0,24000,heldout
mlp_group,0,7,0.002656608819961548,0.0,0,24000,heldout
head,1,0,2.023228868842125,0.48965513706207275,0,24000,heldout
head,1,1,2.2812497466802597,0.5241379141807556,0,24000,heldout
head,1,2,2.147768959403038,0.5034482479095459,0,24000,heldout
head,1,3,1.96555994451046,0.5517241060733795,0,24000,heldout
mlp_group,1,0,0.06326410174369812,0.0,0,24000,heldout
mlp_group,1,1,-0.019583195447921753,-0.013793110847473145,0,24000,heldout
mlp_group,1,2,0.031036049127578735,0.006896555423736572,0,24000,heldout
mlp_group,1,3,-0.0034706294536590576,0.0,0,24000,heldout
mlp_group,1,4,0.012607350945472717,0.0,0,24000,heldout
mlp_group,1,5,0.007534906268119812,0.0,0,24000,heldout
mlp_group,1,6,-0.0007773637771606445,0.0,0,24000,heldout
mlp_group,1,7,0.07878676056861877,0.034482717514038086,0,24000,heldout
head,0,0,2.7698513716459274,0.593103438615799,0,24500,heldout
head,0,1,2.9510277956724167,0.6689654886722565,0,24500,heldout
head,0,2,1.9782497137784958,0.5034482479095459,0,24500,heldout
head,0,3,2.411996766924858,0.5586206614971161,0,24500,heldout
mlp_group,0,0,-0.003040686249732971,-0.006896555423736572,0,24500,heldout
mlp_group,0,1,-0.004822961986064911,-0.013793110847473145,0,24500,heldout
mlp_group,0,2,-0.005700960755348206,-0.013793110847473145,0,24500,heldout
mlp_group,0,3,-0.006362445652484894,0.0,0,24500,heldout
mlp_group,0,4,-0.004609681665897369,0.0,0,24500,heldout
mlp_group,0,5,-0.005512885749340057,-0.006896555423736572,0,24500,heldout
mlp_group,0,6,-0.0013842135667800903,0.0,0,24500,heldout
mlp_group,0,7,-0.0034322589635849,0.0,0,24500,heldout
head,1,0,2.200030967593193,0.517241358757019,0,24500,heldout
head,1,1,2.4833924025297165,0.5655172169208527,0,24500,heldout
head,1,2,2.339225932955742,0.5241379141807556,0,24500,heldout
head,1,3,2.22716324031353,0.5862068831920624,0,24500,heldout
mlp_group,1,0,0.0726783275604248,0.0,0,24500,heldout
mlp_group,1,1,-0.014630839228630066,0.0,0,24500,heldout
mlp_group,1,2,0.02313902974128723,0.0,0,24500,heldout
mlp_group,1,3,-0.00034715235233306885,0.0,0,24500,heldout
mlp_group,1,4,0.007046118378639221,0.0,0,24500,heldout
mlp_group,1,5,0.008278757333755493,0.0,0,24500,heldout
mlp_group,1,6,0.007781758904457092,0.0,0,24500,heldout
mlp_group,1,7,0.11566244065761566,0.04137927293777466,0,24500,heldout
head,0,0,2.5548042617738247,0.5448275804519653,0,25000,heldout
head,0,1,3.0728165470063686,0.7310344874858856,0,25000,heldout
head,0,2,2.5353807769715786,0.5517241358757019,0,25000,heldout
head,0,3,2.2538036666810513,0.565517246723175,0,25000,heldout
mlp_group,0,0,0.018766846507787704,0.0,0,25000,heldout
mlp_group,0,1,0.021818455308675766,0.0,0,25000,heldout
mlp_group,0,2,0.01926913484930992,0.0,0,25000,heldout
mlp_group,0,3,0.007135450839996338,0.0,0,25000,heldout
mlp_group,0,4,0.015083063393831253,0.0,0,25000,heldout
mlp_group,0,5,0.018443655222654343,0.006896555423736572,0,25000,heldout
mlp_group,0,6,-0.00019239634275436401,0.0,0,25000,heldout
mlp_group,0,7,0.00022685527801513672,0.0,0,25000,heldout
head,1,0,2.2340189777314663,0.565517246723175,0,25000,heldout
head,1,1,2.3728057704865932,0.5517241358757019,0,25000,heldout
head,1,2,2.349332507699728,0.5103448331356049,0,25000,heldout
head,1,3,2.1522857509553432,0.5793103575706482,0,25000,heldout
mlp_group,1,0,0.0675557516515255,0.006896555423736572,0,25000,heldout
mlp_group,1,1,-0.0069163888692855835,0.0,0,25000,heldout
mlp_group,1,2,0.01127132773399353,0.006896555423736572,0,25000,heldout
mlp_group,1,3,0.002826020121574402,0.0,0,25000,heldout
mlp_group,1,4,0.004923176020383835,0.0,0,25000,heldout
mlp_group,1,5,0.0026540979743003845,0.0,0,25000,heldout
mlp_group,1,6,0.008384831249713898,0.0,0,25000,heldout
mlp_group,1,7,0.11222943291068077,0.062068939208984375,0,25000,heldout
head,0,0,2.455026499927044,0.7103448212146759,0,25500,heldout
head,0,1,2.4109679386019707,0.6275861859321594,0,25500,heldout
head,0,2,3.2898741886019707,0.7034482657909393,0,25500,heldout
head,0,3,1.4407489225268364,0.4206896424293518,0,25500,heldout
mlp_group,0,0,0.0027050822973251343,0.0,0,25500,heldout
mlp_group,0,1,0.002929188311100006,0.0,0,25500,heldout
mlp_group,0,2,0.001583695411682129,0.0,0,25500,heldout
mlp_group,0,3,0.003550708293914795,0.0,0,25500,heldout
mlp_group,0,4,0.005501545965671539,0.0,0,25500,heldout
mlp_group,0,5,0.006495609879493713,-0.006896555423736572,0,25500,heldout
mlp_group,0,6,0.003908030688762665,0.0,0,25500,heldout
mlp_group,0,7,0.002324342727661133,0.0,0,25500,heldout
head,1,0,2.2795427963137627,0.593103438615799,0,25500,heldout
head,1,1,1.550271861255169,0.45517241954803467,0,25500,heldout
head,1,2,1.4695980474352837,0.4689655303955078,0,25500,heldout
head,1,3,1.9688152000308037,0.46206897497177124,0,25500,heldout
mlp_group,1,0,0.03403510898351669,0.0,0,25500,heldout
mlp_group,1,1,0.003749951720237732,0.0,0,25500,heldout
mlp_group,1,2,0.017198801040649414,0.0,0,25500,heldout
mlp_group,1,3,0.007616490125656128,-0.006896555423736572,0,25500,heldout
mlp_group,1,4,0.0059513673186302185,0.0,0,25500,heldout
mlp_group,1,5,0.004942245781421661,-0.006896555423736572,0,25500,heldout
mlp_group,1,6,0.011834800243377686,0.0,0,25500,heldout
mlp_group,1,7,0.06788941472768784,-0.006896555423736572,0,25500,heldout
head,0,0,2.751318223774433,0.7172413766384125,0,26000,heldout
head,0,1,2.55178714543581,0.6413792967796326,0,26000,heldout
head,0,2,3.494747646152973,0.7724137902259827,0,26000,heldout
head,0,3,2.1072733476758003,0.6068965494632721,0,26000,heldout
mlp_group,0,0,-0.00023514777421951294,0.0,0,26000,heldout
mlp_group,0,1,0.0011493489146232605,0.0,0,26000,heldout
mlp_group,0,2,0.0008862689137458801,0.0,0,26000,heldout
mlp_group,0,3,-0.0016897693276405334,0.0,0,26000,heldout
mlp_group,0,4,0.0024401098489761353,0.0,0,26000,heldout
mlp_group,0,5,0.005644895136356354,0.0,0,26000,heldout
mlp_group,0,6,0.0036108866333961487,0.0,0,26000,heldout
mlp_group,0,7,-0.00019724667072296143,0.0,0,26000,heldout
head,1,0,2.972508914768696,0.6689655184745789,0,26000,heldout
head,1,1,2.0906794145703316,0.5448275804519653,0,26000,heldout
head,1,2,1.9107345417141914,0.5724138021469116,0,26000,heldout
head,1,3,2.586478002369404,0.5793103575706482,0,26000,heldout
mlp_group,1,0,0.03865204006433487,0.006896555423736572,0,26000,heldout
mlp_group,1,1,0.0013401880860328674,0.0,0,26000,heldout
mlp_group,1,2,0.013231784105300903,0.0,0,26000,heldout
mlp_group,1,3,0.004086911678314209,0.0,0,26000,heldout
mlp_group,1,4,0.006622478365898132,0.0,0,26000,heldout
mlp_group,1,5,0.004285454750061035,0.0,0,26000,heldout
mlp_group,1,6,0.010494418442249298,0.0,0,26000,heldout
mlp_group,1,7,0.08077473193407059,0.02758622169494629,0,26000,heldout
head,0,0,2.325022306293249,0.6551724076271057,0,26500,heldout
head,0,1,2.4423514269292355,0.6275862157344818,0,26500,heldout
head,0,2,3.307283964008093,0.7448275983333588,0,26500,heldout
head,0,3,2.131714191287756,0.6413792967796326,0,26500,heldout
mlp_group,0,0,0.020153898745775223,0.0,0,26500,heldout
mlp_group,0,1,0.014322668313980103,0.0,0,26500,heldout
mlp_group,0,2,0.005906287580728531,0.0,0,26500,heldout
mlp_group,0,3,0.016006480902433395,0.0,0,26500,heldout
mlp_group,0,4,0.017808947712183,0.0,0,26500,heldout
mlp_group,0,5,0.12483067438006401,0.013793110847473145,0,26500,heldout
mlp_group,0,6,0.048905882984399796,0.0,0,26500,heldout
mlp_group,0,7,0.01779443398118019,0.0,0,26500,heldout
head,1,0,2.8479753397405148,0.7034482657909393,0,26500,heldout
head,1,1,2.223206367343664,0.5517241358757019,0,26500,heldout
head,1,2,2.061971750110388,0.5999999940395355,0,26500,heldout
head,1,3,2.397163476794958,0.5379310250282288,0,26500,heldout
mlp_group,1,0,0.03283588960766792,0.0,0,26500,heldout
mlp_group,1,1,0.00040615350008010864,0.0,0,26500,heldout
mlp_group,1,2,0.006792832165956497,0.0,0,26500,heldout
mlp_group,1,3,0.002577543258666992,0.0,0,26500,heldout
mlp_group,1,4,0.003387339413166046,0.0,0,26500,heldout
mlp_group,1,5,0.0025040321052074432,0.0,0,26500,heldout
mlp_group,1,6,0.005962591618299484,0.0,0,26500,heldout
mlp_group,1,7,0.08081881329417229,0.02758622169494629,0,26500,heldout
head,0,0,1.050461657345295,0.37931036949157715,0,27000,heldout
head,0,1,1.9141907766461372,0.5586206912994385,0,27000,heldout
head,0,2,2.3842710331082344,0.565517246723175,0,27000,heldout
head,0,3,1.2723298147320747,0.4275861978530884,0,27000,heldout
mlp_group,0,0,0.00409960001707077,0.0,0,27000,heldout
mlp_group,0,1,0.0017007142305374146,0.0,0,27000,heldout
mlp_group,0,2,0.00033875927329063416,0.0,0,27000,heldout
mlp_group,0,3,0.0025454647839069366,0.0,0,27000,heldout
mlp_group,0,4,0.0027204863727092743,0.0,0,27000,heldout
mlp_group,0,5,0.022509917616844177,0.0,0,27000,heldout
mlp_group,0,6,0.016260765492916107,0.0,0,27000,heldout
mlp_group,0,7,0.006899572908878326,0.0,0,27000,heldout
head,1,0,2.1480349376797676,0.6206896603107452,0,27000,heldout
head,1,1,1.516547329723835,0.4275861978530884,0,27000,heldout
head,1,2,1.6426501348614693,0.5310344696044922,0,27000,heldout
head,1,3,2.003222592175007,0.5724138021469116,0,27000,heldout
mlp_group,1,0,0.02544116973876953,0.0,0,27000,heldout
mlp_group,1,1,0.00024355575442314148,0.0,0,27000,heldout
mlp_group,1,2,0.005829900503158569,0.0,0,27000,heldout
mlp_group,1,3,0.001544855535030365,0.0,0,27000,heldout
mlp_group,1,4,0.004232633858919144,0.0,0,27000,heldout
mlp_group,1,5,0.0027912184596061707,0.0,0,27000,heldout
mlp_group,1,6,0.0048308223485946655,0.0,0,27000,heldout
mlp_group,1,7,0.06333020329475403,0.020689666271209717,0,27000,heldout
head,0,0,1.4237563349306583,0.46206897497177124,0,27500,heldout
head,0,1,2.386664245277643,0.6344827711582184,0,27500,heldout
head,0,2,2.750695798546076,0.565517246723175,0,27500,heldout
head,0,3,1.7336989380419254,0.5172413885593414,0,27500,heldout
mlp_group,0,0,0.008029311895370483,0.0,0,27500,heldout
mlp_group,0,1,0.004773914813995361,0.0,0,27500,heldout
mlp_group,0,2,0.001568291336297989,0.0,0,27500,heldout
mlp_group,0,3,0.0053543224930763245,0.0,0,27500,heldout
mlp_group,0,4,0.0059103891253471375,0.0,0,27500,heldout
mlp_group,0,5,0.03878888860344887,0.0,0,27500,heldout
mlp_group,0,6,0.028735484927892685,0.0,0,27500,heldout
mlp_group,0,7,0.012875504791736603,0.0,0,27500,heldout
head,1,0,2.352094028145075,0.6551724076271057,0,27500,heldout
head,1,1,1.9313429333269596,0.5034482777118683,0,27500,heldout
head,1,2,1.9824157692492008,0.5517241358757019,0,27500,heldout
head,1,3,2.352104041725397,0.6137931048870087,0,27500,heldout
mlp_group,1,0,0.033397119492292404,0.0,0,27500,heldout
mlp_group,1,1,0.0015139132738113403,0.0,0,27500,heldout
mlp_group,1,2,0.00568302720785141,0.0,0,27500,heldout
mlp_group,1,3,0.0028067678213119507,0.0,0,27500,heldout
mlp_group,1,4,0.004017096012830734,0.0,0,27500,heldout
mlp_group,1,5,0.0029880553483963013,0.0,0,27500,heldout
mlp_group,1,6,0.006201084703207016,0.0,0,27500,heldout
mlp_group,1,7,0.05377073958516121,0.020689666271209717,0,27500,heldout
head,0,0,1.699536319822073,0.5034482777118683,0,28000,heldout
head,0,1,2.8255006037652493,0.6758620738983154,0,28000,heldout
head,0,2,3.030876036733389,0.593103438615799,0,28000,heldout
head,0,3,2.079797860234976,0.5172413885593414,0,28000,heldout
mlp_group,0,0,0.015187740325927734,0.0,0,28000,heldout
mlp_group,0,1,0.00892583653330803,0.0,0,28000,heldout
mlp_group,0,2,0.004169093444943428,0.0,0,28000,heldout
mlp_group,0,3,0.010589834302663803,0.0,0,28000,heldout
mlp_group,0,4,0.010876603424549103,0.0,0,28000,heldout
mlp_group,0,5,0.0567517913877964,0.0,0,28000,heldout
mlp_group,0,6,0.04652634635567665,0.0,0,28000,heldout
mlp_group,0,7,0.017589222639799118,0.0,0,28000,heldout
head,1,0,2.2924154959619045,0.593103438615799,0,28000,heldout
head,1,1,2.142689820379019,0.5379310250282288,0,28000,heldout
head,1,2,2.3193343840539455,0.5724138021469116,0,28000,heldout
head,1,3,2.367090817540884,0.5793103575706482,0,28000,heldout
mlp_group,1,0,0.03030465915799141,0.0,0,28000,heldout
mlp_group,1,1,0.001061832532286644,0.0,0,28000,heldout
mlp_group,1,2,0.003169570118188858,0.0,0,28000,heldout
mlp_group,1,3,0.002389919012784958,0.0,0,28000,heldout
mlp_group,1,4,0.0027887504547834396,0.0,0,28000,heldout
mlp_group,1,5,0.0018453560769557953,0.0,0,28000,heldout
mlp_group,1,6,0.005085408687591553,0.0,0,28000,heldout
mlp_group,1,7,0.02940111607313156,0.0,0,28000,heldout
head,0,0,1.7178509831428528,0.48275861144065857,0,28500,heldout
head,0,1,1.325010359287262,0.37931033968925476,0,28500,heldout
head,0,2,1.7990131974220276,0.41379308700561523,0,28500,heldout
head,0,3,1.658140242099762,0.4413793087005615,0,28500,heldout
mlp_group,0,0,-0.0008079707622528076,0.0,0,28500,heldout
mlp_group,0,1,-0.0003102719783782959,0.006896555423736572,0,28500,heldout
mlp_group,0,2,0.0011095404624938965,0.006896555423736572,0,28500,heldout
mlp_group,0,3,0.0037225186824798584,0.006896555423736572,0,28500,heldout
mlp_group,0,4,0.00021347403526306152,0.006896555423736572,0,28500,heldout
mlp_group,0,5,-0.005177885293960571,0.0,0,28500,heldout
mlp_group,0,6,-0.00213053822517395,0.0,0,28500,heldout
mlp_group,0,7,-0.002159327268600464,0.0,0,28500,heldout
head,1,0,0.9997051358222961,0.33103448152542114,0,28500,heldout
head,1,1,0.612307608127594,0.1862068772315979,0,28500,heldout
head,1,2,0.45571190118789673,0.13793104887008667,0,28500,heldout
head,1,3,1.1437793374061584,0.32413792610168457,0,28500,heldout
mlp_group,1,0,0.05088984966278076,0.013793110847473145,0,28500,heldout
mlp_group,1,1,0.022084057331085205,0.0,0,28500,heldout
mlp_group,1,2,0.04294848442077637,0.006896555423736572,0,28500,heldout
mlp_group,1,3,0.0332413911819458,-0.006896555423736572,0,28500,heldout
mlp_group,1,4,0.03448820114135742,0.006896555423736572,0,28500,heldout
mlp_group,1,5,0.018957316875457764,-0.006896555423736572,0,28500,heldout
mlp_group,1,6,0.02971738576889038,0.006896555423736572,0,28500,heldout
mlp_group,1,7,0.08009934425354004,0.013793110847473145,0,28500,heldout
head,0,0,1.771510012447834,0.4758620858192444,0,29000,heldout
head,0,1,1.757668860256672,0.517241358757019,0,29000,heldout
head,0,2,2.154507763683796,0.5310344696044922,0,29000,heldout
head,0,3,2.0852476432919502,0.5379310250282288,0,29000,heldout
mlp_group,0,0,0.002387300133705139,0.0,0,29000,heldout
mlp_group,0,1,0.010432690382003784,0.006896555423736572,0,29000,heldout
mlp_group,0,2,0.0024066269397735596,0.0,0,29000,heldout
mlp_group,0,3,0.01580667495727539,-0.006896555423736572,0,29000,heldout
mlp_group,0,4,-0.002062201499938965,-0.006896555423736572,0,29000,heldout
mlp_group,0,5,-0.00024308264255523682,-0.013793110847473145,0,29000,heldout
mlp_group,0,6,0.006683602929115295,0.006896555423736572,0,29000,heldout
mlp_group,0,7,-0.0008328035473823547,-0.006896555423736572,0,29000,heldout
head,1,0,1.2954378202557564,0.3999999761581421,0,29000,heldout
head,1,1,1.6093859747052193,0.45517241954803467,0,29000,heldout
head,1,2,1.3816695287823677,0.40689653158187866,0,29000,heldout
head,1,3,1.5836107805371284,0.46206897497177124,0,29000,heldout
mlp_group,1,0,0.015989020466804504,0.0,0,29000,heldout
mlp_group,1,1,0.004580900073051453,0.0,0,29000,heldout
mlp_group,1,2,0.016083158552646637,0.006896555423736572,0,29000,heldout
mlp_group,1,3,0.008647017180919647,0.006896555423736572,0,29000,heldout
mlp_group,1,4,0.020378373563289642,0.013793110847473145,0,29000,heldout
mlp_group,1,5,0.009617075324058533,0.006896555423736572,0,29000,heldout
mlp_group,1,6,0.010856717824935913,0.006896555423736572,0,29000,heldout
mlp_group,1,7,0.030031219124794006,0.006896555423736572,0,29000,heldout
head,0,0,1.971675731241703,0.48965519666671753,0,29500,heldout
head,0,1,2.206003285944462,0.6344827711582184,0,29500,heldout
head,0,2,2.4174753203988075,0.5517241358757019,0,29500,heldout
head,0,3,2.3937321677803993,0.565517246723175,0,29500,heldout
mlp_group,0,0,0.0031326040625572205,0.0,0,29500,heldout
mlp_group,0,1,0.01761266216635704,0.0,0,29500,heldout
mlp_group,0,2,0.004042331129312515,0.0,0,29500,heldout
mlp_group,0,3,0.10900942236185074,0.006896555423736572,0,29500,heldout
mlp_group,0,4,0.02101750299334526,0.0,0,29500,heldout
mlp_group,0,5,0.0191749669611454,0.0,0,29500,heldout
mlp_group,0,6,0.010803315788507462,0.0,0,29500,heldout
mlp_group,0,7,0.02803574502468109,0.0,0,29500,heldout
head,1,0,1.6977648511528969,0.565517246723175,0,29500,heldout
head,1,1,2.068498231470585,0.5724138021469116,0,29500,heldout
head,1,2,1.8331628814339638,0.48965519666671753,0,29500,heldout
head,1,3,1.997629500925541,0.5517241358757019,0,29500,heldout
mlp_group,1,0,0.02152770757675171,0.0,0,29500,heldout
mlp_group,1,1,0.0038246475160121918,0.0,0,29500,heldout
mlp_group,1,2,0.007523536682128906,0.0,0,29500,heldout
mlp_group,1,3,0.0029624775052070618,0.0,0,29500,heldout
mlp_group,1,4,0.00584392249584198,0.0,0,29500,heldout
mlp_group,1,5,0.004082232713699341,0.0,0,29500,heldout
mlp_group,1,6,0.0054525285959243774,0.0,0,29500,heldout
mlp_group,1,7,0.012448281049728394,0.0,0,29500,heldout
head,0,0,1.9213210195302963,0.5172413885593414,0,30000,heldout
head,0,1,2.3660836070775986,0.6413792967796326,0,30000,heldout
head,0,2,2.4531035274267197,0.5517241358757019,0,30000,heldout
head,0,3,2.4945013374090195,0.5999999940395355,0,30000,heldout
mlp_group,0,0,0.007747739553451538,0.0,0,30000,heldout
mlp_group,0,1,0.012548968195915222,0.0,0,30000,heldout
mlp_group,0,2,0.008357454091310501,0.0,0,30000,heldout
mlp_group,0,3,0.20831964910030365,0.03448277711868286,0,30000,heldout
mlp_group,0,4,0.08963833749294281,0.0,0,30000,heldout
mlp_group,0,5,0.02901359647512436,0.0,0,30000,heldout
mlp_group,0,6,0.004534602165222168,0.0,0,30000,heldout
mlp_group,0,7,0.08584973961114883,0.0,0,30000,heldout
head,1,0,1.7995275110006332,0.5379310250282288,0,30000,heldout
head,1,1,2.2293248027563095,0.5586206912994385,0,30000,heldout
head,1,2,2.003587707877159,0.5379310250282288,0,30000,heldout
head,1,3,2.1242532581090927,0.5586206912994385,0,30000,heldout
mlp_group,1,0,0.025234870612621307,0.0,0,30000,heldout
mlp_group,1,1,0.002517636865377426,0.0,0,30000,heldout
mlp_group,1,2,0.004948113113641739,0.0,0,30000,heldout
mlp_group,1,3,0.0023021847009658813,0.0,0,30000,heldout
mlp_group,1,4,0.0037815161049365997,0.0,0,30000,heldout
mlp_group,1,5,0.002752389758825302,0.0,0,30000,heldout
mlp_group,1,6,0.0040071941912174225,0.0,0,30000,heldout
mlp_group,1,7,0.00900307297706604,0.0,0,30000,heldout
head,0,0,2.0502745881676674,0.5103448331356049,0,30500,heldout
head,0,1,2.5266639962792397,0.6413792967796326,0,30500,heldout
head,0,2,2.5719678178429604,0.565517246723175,0,30500,heldout
head,0,3,2.6735026612877846,0.6482758522033691,0,30500,heldout
mlp_group,0,0,0.019113797694444656,0.0,0,30500,heldout
mlp_group,0,1,0.008912894874811172,0.0,0,30500,heldout
mlp_group,0,2,0.019061703234910965,0.0,0,30500,heldout
mlp_group,0,3,0.2648991122841835,0.07586205005645752,0,30500,heldout
mlp_group,0,4,0.35853634029626846,0.07586205005645752,0,30500,heldout
mlp_group,0,5,0.04200771450996399,0.0,0,30500,heldout
mlp_group,0,6,0.005601553246378899,0.0,0,30500,heldout
mlp_group,0,7,0.2231416031718254,0.041379332542419434,0,30500,heldout
head,1,0,1.8813684955239296,0.5103448331356049,0,30500,heldout
head,1,1,2.325108028948307,0.5379310250282288,0,30500,heldout
head,1,2,2.1609079614281654,0.5379310250282288,0,30500,heldout
head,1,3,2.2132460847496986,0.593103438615799,0,30500,heldout
mlp_group,1,0,0.029087912291288376,0.0,0,30500,heldout
mlp_group,1,1,0.0018361695110797882,0.0,0,30500,heldout
mlp_group,1,2,0.0031041279435157776,0.0,0,30500,heldout
mlp_group,1,3,0.0018210634589195251,0.0,0,30500,heldout
mlp_group,1,4,0.0023274514824151993,0.0,0,30500,heldout
mlp_group,1,5,0.0015947800129652023,0.0,0,30500,heldout
mlp_group,1,6,0.003073185682296753,0.0,0,30500,heldout
mlp_group,1,7,0.006168883293867111,0.0,0,30500,heldout
head,0,0,2.3071080911904573,0.5448275804519653,0,31000,heldout
head,0,1,2.7166573274880648,0.6551724076271057,0,31000,heldout
head,0,2,2.7406441438943148,0.5862068831920624,0,31000,heldout
head,0,3,2.875006603077054,0.6551724076271057,0,31000,heldout
mlp_group,0,0,0.017692336812615395,0.0,0,31000,heldout
mlp_group,0,1,0.005804724991321564,0.0,0,31000,heldout
mlp_group,0,2,0.018457775935530663,0.0,0,31000,heldout
mlp_group,0,3,0.15935111232101917,0.02758622169494629,0,31000,heldout
mlp_group,0,4,0.31869237311184406,0.06896549463272095,0,31000,heldout
mlp_group,0,5,0.030241576954722404,0.0,0,31000,heldout
mlp_group,0,6,0.006254199892282486,0.0,0,31000,heldout
mlp_group,0,7,0.18279837258160114,0.02758622169494629,0,31000,heldout
head,1,0,1.9483068455010653,0.5034482777118683,0,31000,heldout
head,1,1,2.356796907261014,0.5310344696044922,0,31000,heldout
head,1,2,2.295222209766507,0.565517246723175,0,31000,heldout
head,1,3,2.3089908827096224,0.5724138021469116,0,31000,heldout
mlp_group,1,0,0.03170464001595974,0.0,0,31000,heldout
mlp_group,1,1,0.00164080411195755,0.0,0,31000,heldout
mlp_group,1,2,0.001926453784108162,0.0,0,31000,heldout
mlp_group,1,3,0.0015563629567623138,0.0,0,31000,heldout
mlp_group,1,4,0.0016582608222961426,0.0,0,31000,heldout
mlp_group,1,5,0.0009272955358028412,0.0,0,31000,heldout
mlp_group,1,6,0.0025280844420194626,0.0,0,31000,heldout
mlp_group,1,7,0.0043139830231666565,0.0,0,31000,heldout
head,0,0,1.6045940220355988,0.4206896424293518,0,31500,heldout
head,0,1,2.533333331346512,0.5724137723445892,0,31500,heldout
head,0,2,2.987617999315262,0.675862044095993,0,31500,heldout
head,0,3,1.9366996586322784,0.5517241358757019,0,31500,heldout
mlp_group,0,0,0.001705072820186615,0.006896555423736572,0,31500,heldout
mlp_group,0,1,-0.005969427525997162,0.0,0,31500,heldout
mlp_group,0,2,-0.006513342261314392,-0.006896555423736572,0,31500,heldout
mlp_group,0,3,0.0007070228457450867,0.0,0,31500,heldout
mlp_group,0,4,-0.008929066359996796,-0.006896555423736572,0,31500,heldout
mlp_group,0,5,0.0017788857221603394,-0.006896555423736572,0,31500,heldout
mlp_group,0,6,0.0034415125846862793,0.0,0,31500,heldout
mlp_group,0,7,0.0032637715339660645,0.006896555423736572,0,31500,heldout
head,1,0,1.230153352022171,0.35862070322036743,0,31500,heldout
head,1,1,1.6721954643726349,0.46206897497177124,0,31500,heldout
head,1,2,1.6185753643512726,0.517241358757019,0,31500,heldout
head,1,3,1.4819380342960358,0.4206896424293518,0,31500,heldout
mlp_group,1,0,0.027318641543388367,0.013793110847473145,0,31500,heldout
mlp_group,1,1,0.019938886165618896,0.013793110847473145,0,31500,heldout
mlp_group,1,2,0.005865439772605896,0.006896555423736572,0,31500,heldout
mlp_group,1,3,-0.0019238293170928955,-0.006896555423736572,0,31500,heldout
mlp_group,1,4,0.008963137865066528,0.013793110847473145,0,31500,heldout
mlp_group,1,5,0.004127331078052521,0.006896555423736572,0,31500,heldout
mlp_group,1,6,-0.015168845653533936,-0.006896555423736572,0,31500,heldout
mlp_group,1,7,-0.0008162707090377808,0.0,0,31500,heldout
head,0,0,2.0489941649138927,0.48275864124298096,0,32000,heldout
head,0,1,2.8921617083251476,0.6965517103672028,0,32000,heldout
head,0,2,3.279578071087599,0.7379310429096222,0,32000,heldout
head,0,3,2.5155135206878185,0.6206896603107452,0,32000,heldout
mlp_group,0,0,0.005936242640018463,-0.006896555423736572,0,32000,heldout
mlp_group,0,1,0.0025806427001953125,-0.006896555423736572,0,32000,heldout
mlp_group,0,2,0.003707900643348694,0.0,0,32000,heldout
mlp_group,0,3,0.004366256296634674,0.0,0,32000,heldout
mlp_group,0,4,0.00019222870469093323,0.0,0,32000,heldout
mlp_group,0,5,0.005571503192186356,-0.006896555423736572,0,32000,heldout
mlp_group,0,6,0.005142368376255035,-0.006896555423736572,0,32000,heldout
mlp_group,0,7,0.0024738050997257233,-0.006896555423736572,0,32000,heldout
head,1,0,1.8195795826613903,0.5034482777118683,0,32000,heldout
head,1,1,2.3742846064269543,0.565517246723175,0,32000,heldout
head,1,2,2.3385425619781017,0.634482741355896,0,32000,heldout
head,1,3,2.0684617571532726,0.5517241358757019,0,32000,heldout
mlp_group,1,0,0.0256638340651989,0.006896555423736572,0,32000,heldout
mlp_group,1,1,0.019587095826864243,0.013793110847473145,0,32000,heldout
mlp_group,1,2,0.0018608756363391876,0.0,0,32000,heldout
mlp_group,1,3,0.0025803931057453156,0.0,0,32000,heldout
mlp_group,1,4,0.005382642149925232,0.0,0,32000,heldout
mlp_group,1,5,0.002705145627260208,0.0,0,32000,heldout
mlp_group,1,6,-0.00040376558899879456,0.0,0,32000,heldout
mlp_group,1,7,0.0008012242615222931,0.0,0,32000,heldout
head,0,0,2.36099524050951,0.5793103575706482,0,32500,heldout
head,0,1,3.0592884495854378,0.6965517103672028,0,32500,heldout
head,0,2,3.12296075373888,0.7172413766384125,0,32500,heldout
head,0,3,2.7934820130467415,0.6758620738983154,0,32500,heldout
mlp_group,0,0,0.013393621891736984,0.0,0,32500,heldout
mlp_group,0,1,0.009384311735630035,0.0,0,32500,heldout
mlp_group,0,2,0.009346768260002136,0.0,0,32500,heldout
mlp_group,0,3,0.008249849081039429,0.0,0,32500,heldout
mlp_group,0,4,0.005273554474115372,0.0,0,32500,heldout
mlp_group,0,5,0.013337064534425735,0.0,0,32500,heldout
mlp_group,0,6,0.01643979921936989,0.0,0,32500,heldout
mlp_group,0,7,0.022280912846326828,0.0,0,32500,heldout
head,1,0,1.9746362641453743,0.5517241358757019,0,32500,heldout
head,1,1,2.651607222855091,0.5862068831920624,0,32500,heldout
head,1,2,2.6126324608922005,0.6413792967796326,0,32500,heldout
head,1,3,2.234779067337513,0.5310344696044922,0,32500,heldout
mlp_group,1,0,0.029419168829917908,0.0,0,32500,heldout
mlp_group,1,1,0.01576213538646698,0.0,0,32500,heldout
mlp_group,1,2,0.004931483417749405,0.0,0,32500,heldout
mlp_group,1,3,0.002795126289129257,0.0,0,32500,heldout
mlp_group,1,4,0.0057482048869132996,0.0,0,32500,heldout
mlp_group,1,5,0.005382660776376724,0.0,0,32500,heldout
mlp_group,1,6,0.00120612233877182,0.0,0,32500,heldout
mlp_group,1,7,0.003909643739461899,0.0,0,32500,heldout
head,0,0,1.6853824853897095,0.4482758343219757,0,33000,heldout
head,0,1,2.5370123386383057,0.6137930750846863,0,33000,heldout
head,0,2,1.6772091388702393,0.41379308700561523,0,33000,heldout
head,0,3,1.9450974464416504,0.5310344398021698,0,33000,heldout
mlp_group,0,0,-0.0008216500282287598,0.0,0,33000,heldout
mlp_group,0,1,-0.00276339054107666,0.006896495819091797,0,33000,heldout
mlp_group,0,2,-0.0038486719131469727,0.0,0,33000,heldout
mlp_group,0,3,-0.0016869902610778809,0.0,0,33000,heldout
mlp_group,0,4,0.0009257197380065918,0.006896495819091797,0,33000,heldout
mlp_group,0,5,-0.0020101070404052734,0.006896495819091797,0,33000,heldout
mlp_group,0,6,-0.0033815503120422363,-0.006896555423736572,0,33000,heldout
mlp_group,0,7,0.0008814334869384766,0.0,0,33000,heldout
head,1,0,1.2831376791000366,0.41379308700561523,0,33000,heldout
head,1,1,1.6693509817123413,0.4413793087005615,0,33000,heldout
head,1,2,1.1012858152389526,0.32413792610168457,0,33000,heldout
head,1,3,1.261493444442749,0.3517240881919861,0,33000,heldout
mlp_group,1,0,0.03599461913108826,0.02068960666656494,0,33000,heldout
mlp_group,1,1,0.03158849477767944,0.027586162090301514,0,33000,heldout
mlp_group,1,2,0.003796786069869995,-0.006896555423736572,0,33000,heldout
mlp_group,1,3,0.011037290096282959,0.0,0,33000,heldout
mlp_group,1,4,-0.0006392002105712891,-0.006896555423736572,0,33000,heldout
mlp_group,1,5,-0.0047761499881744385,0.006896495819091797,0,33000,heldout
mlp_group,1,6,0.005018115043640137,0.027586162090301514,0,33000,heldout
mlp_group,1,7,-0.0013344287872314453,-0.006896555423736572,0,33000,heldout
head,0,0,2.07627435028553,0.5241379141807556,0,33500,heldout
head,0,1,3.3927549868822098,0.724137932062149,0,33500,heldout
head,0,2,2.1918966323137283,0.4689655303955078,0,33500,heldout
head,0,3,2.6074480563402176,0.6620689630508423,0,33500,heldout
mlp_group,0,0,0.0010856688022613525,0.006896555423736572,0,33500,heldout
mlp_group,0,1,0.00011541694402694702,0.0,0,33500,heldout
mlp_group,0,2,-4.6193599700927734e-05,0.0,0,33500,heldout
mlp_group,0,3,0.00036256760358810425,0.0,0,33500,heldout
mlp_group,0,4,0.0003993809223175049,0.006896555423736572,0,33500,heldout
mlp_group,0,5,0.0028807073831558228,0.006896555423736572,0,33500,heldout
mlp_group,0,6,0.001643851399421692,0.0,0,33500,heldout
mlp_group,0,7,0.0027849897742271423,0.006896555423736572,0,33500,heldout
head,1,0,1.4546606093645096,0.41379308700561523,0,33500,heldout
head,1,1,2.42500801384449,0.5724138021469116,0,33500,heldout
head,1,2,1.7736792117357254,0.5103448331356049,0,33500,heldout
head,1,3,1.5563531666994095,0.4758620858192444,0,33500,heldout
mlp_group,1,0,0.05181974172592163,0.0,0,33500,heldout
mlp_group,1,1,0.014978192746639252,0.006896555423736572,0,33500,heldout
mlp_group,1,2,-0.001927979290485382,0.0,0,33500,heldout
mlp_group,1,3,0.0020499899983406067,0.0,0,33500,heldout
mlp_group,1,4,0.0023273229598999023,0.006896555423736572,0,33500,heldout
mlp_group,1,5,0.0025947540998458862,0.013793110847473145,0,33500,heldout
mlp_group,1,6,0.003391653299331665,0.0,0,33500,heldout
mlp_group,1,7,0.006895639002323151,0.006896555423736572,0,33500,heldout
head,0,0,2.4222737848758698,0.5724138021469116,0,34000,heldout
head,0,1,3.823282390832901,0.7724137902259827,0,34000,heldout
head,0,2,2.558619648218155,0.5310344696044922,0,34000,heldout
head,0,3,2.9419776499271393,0.7172413766384125,0,34000,heldout
mlp_group,0,0,0.001480206847190857,0.0,0,34000,heldout
mlp_group,0,1,0.0009462684392929077,0.0,0,34000,heldout
mlp_group,0,2,0.0013390034437179565,0.0,0,34000,heldout
mlp_group,0,3,0.00018887966871261597,0.0,0,34000,heldout
mlp_group,0,4,0.0005819424986839294,0.0,0,34000,heldout
mlp_group,0,5,0.003218024969100952,0.0,0,34000,heldout
mlp_group,0,6,0.002503827214241028,0.0,0,34000,heldout
mlp_group,0,7,0.001980237662792206,0.0,0,34000,heldout
head,1,0,1.682351976633072,0.4965517520904541,0,34000,heldout
head,1,1,2.8824624121189117,0.6344827711582184,0,34000,heldout
head,1,2,2.2102228701114655,0.5793103575706482,0,34000,heldout
head,1,3,1.7729099094867706,0.524137943983078,0,34000,heldout
mlp_group,1,0,0.06408269703388214,0.0,0,34000,heldout
mlp_group,1,1,0.01774151623249054,0.006896555423736572,0,34000,heldout
mlp_group,1,2,0.0025304704904556274,0.0,0,34000,heldout
mlp_group,1,3,0.005299367010593414,0.0,0,34000,heldout
mlp_group,1,4,0.0034767240285873413,0.0,0,34000,heldout
mlp_group,1,5,0.005368024110794067,0.0,0,34000,heldout
mlp_group,1,6,0.003739096224308014,0.0,0,34000,heldout
mlp_group,1,7,0.006320096552371979,0.0,0,34000,heldout
head,0,0,1.707285538315773,0.4482758641242981,0,34500,heldout
head,0,1,2.3025851398706436,0.6206896305084229,0,34500,heldout
head,0,2,1.9444101005792618,0.4965517222881317,0,34500,heldout
head,0,3,1.8796736150979996,0.5517241358757019,0,34500,heldout
mlp_group,0,0,0.0001362338662147522,0.0,0,34500,heldout
mlp_group,0,1,-0.0007284507155418396,-0.006896555423736572,0,34500,heldout
mlp_group,0,2,0.00017433613538742065,0.0,0,34500,heldout
mlp_group,0,3,0.00043827295303344727,0.0,0,34500,heldout
mlp_group,0,4,0.0005015656352043152,0.0,0,34500,heldout
mlp_group,0,5,0.0008650273084640503,0.0,0,34500,heldout
mlp_group,0,6,0.0007489770650863647,0.0,0,34500,heldout
mlp_group,0,7,4.382431507110596e-05,0.0,0,34500,heldout
head,1,0,1.4655659347772598,0.3793103098869324,0,34500,heldout
head,1,1,2.05069662630558,0.5448275804519653,0,34500,heldout
head,1,2,1.5170849710702896,0.4275861978530884,0,34500,heldout
head,1,3,1.4094779640436172,0.38620686531066895,0,34500,heldout
mlp_group,1,0,0.05798214673995972,0.013793110847473145,0,34500,heldout
mlp_group,1,1,0.015482373535633087,0.006896555423736572,0,34500,heldout
mlp_group,1,2,-0.004853352904319763,0.0,0,34500,heldout
mlp_group,1,3,0.003959164023399353,0.006896555423736572,0,34500,heldout
mlp_group,1,4,0.0017463788390159607,0.006896555423736572,0,34500,heldout
mlp_group,1,5,-0.008265286684036255,-0.006896555423736572,0,34500,heldout
mlp_group,1,6,-0.0011630207300186157,-0.013793110847473145,0,34500,heldout
mlp_group,1,7,0.004022836685180664,-0.006896555423736572,0,34500,heldout
head,0,0,2.1810929253697395,0.5241379141807556,0,35000,heldout
head,0,1,2.7958864644169807,0.6275862157344818,0,35000,heldout
head,0,2,2.377737946808338,0.5448275804519653,0,35000,heldout
head,0,3,2.4517809823155403,0.5999999940395355,0,35000,heldout
mlp_group,0,0,2.2202730178833008e-05,0.0,0,35000,heldout
mlp_group,0,1,-0.0017102882266044617,0.0,0,35000,heldout
mlp_group,0,2,-0.00029234588146209717,0.0,0,35000,heldout
mlp_group,0,3,0.00011211633682250977,0.0,0,35000,heldout
mlp_group,0,4,-0.00031835585832595825,0.0,0,35000,heldout
mlp_group,0,5,0.0008362606167793274,0.0,0,35000,heldout
mlp_group,0,6,0.000864468514919281,0.0,0,35000,heldout
mlp_group,0,7,-0.0005251914262771606,0.0,0,35000,heldout
head,1,0,1.7814319804310799,0.4758620858192444,0,35000,heldout
head,1,1,2.582426495850086,0.6068965494632721,0,35000,heldout
head,1,2,2.019284911453724,0.5379310250282288,0,35000,heldout
head,1,3,1.7885806038975716,0.48965519666671753,0,35000,heldout
mlp_group,1,0,0.06351429969072342,0.0,0,35000,heldout
mlp_group,1,1,0.02287425845861435,0.006896555423736572,0,35000,heldout
mlp_group,1,2,0.00047182291746139526,0.0,0,35000,heldout
mlp_group,1,3,0.005675517022609711,0.0,0,35000,heldout
mlp_group,1,4,0.000723131000995636,0.0,0,35000,heldout
mlp_group,1,5,-0.0027376562356948853,-0.006896555423736572,0,35000,heldout
mlp_group,1,6,0.00034543126821517944,-0.006896555423736572,0,35000,heldout
mlp_group,1,7,0.005523309111595154,0.0,0,35000,heldout
head,0,0,2.452778175473213,0.5310344696044922,0,35500,heldout
head,0,1,3.217717245221138,0.6758620738983154,0,35500,heldout
head,0,2,2.869948700070381,0.593103438615799,0,35500,heldout
head,0,3,2.75523741543293,0.6275862157344818,0,35500,heldout
mlp_group,0,0,-0.0007856972515583038,0.0,0,35500,heldout
mlp_group,0,1,-0.0043983422219753265,0.0,0,35500,heldout
mlp_group,0,2,-0.001878935843706131,0.0,0,35500,heldout
mlp_group,0,3,-0.0013329610228538513,0.0,0,35500,heldout
mlp_group,0,4,-0.0025601908564567566,0.0,0,35500,heldout
mlp_group,0,5,0.0007156878709793091,0.0,0,35500,heldout
mlp_group,0,6,0.0007312074303627014,0.0,0,35500,heldout
mlp_group,0,7,-0.002575565129518509,0.0,0,35500,heldout
head,1,0,1.9223607331514359,0.5241379141807556,0,35500,heldout
head,1,1,2.7335096150636673,0.634482741355896,0,35500,heldout
head,1,2,2.289234235882759,0.5517241358757019,0,35500,heldout
head,1,3,2.026724651455879,0.5310344696044922,0,35500,heldout
mlp_group,1,0,0.06377768516540527,0.0,0,35500,heldout
mlp_group,1,1,0.02551174908876419,0.0,0,35500,heldout
mlp_group,1,2,-0.0009006373584270477,0.0,0,35500,heldout
mlp_group,1,3,0.004685394465923309,0.0,0,35500,heldout
mlp_group,1,4,-0.0019281990826129913,0.0,0,35500,heldout
mlp_group,1,5,-0.00508490577340126,0.0,0,35500,heldout
mlp_group,1,6,0.0011981800198554993,0.0,0,35500,heldout
mlp_group,1,7,0.0057397931814193726,0.0,0,35500,heldout
head,0,0,1.8870731592178345,0.517241358757019,0,36000,heldout
head,0,1,2.5708543062210083,0.6413792967796326,0,36000,heldout
head,0,2,2.8855143785476685,0.6965517103672028,0,36000,heldout
head,0,3,2.1684314012527466,0.5724137723445892,0,36000,heldout
mlp_group,0,0,-0.0011548101902008057,0.006896555423736572,0,36000,heldout
mlp_group,0,1,0.00024215877056121826,0.006896555423736572,0,36000,heldout
mlp_group,0,2,-0.004483446478843689,0.006896555423736572,0,36000,heldout
mlp_group,0,3,-0.0021799206733703613,0.006896555423736572,0,36000,heldout
mlp_group,0,4,-0.0022322386503219604,0.006896555423736572,0,36000,heldout
mlp_group,0,5,-0.003263220191001892,0.006896555423736572,0,36000,heldout
mlp_group,0,6,-0.0041086673736572266,0.006896555423736572,0,36000,heldout
mlp_group,0,7,-0.0027792155742645264,0.006896555423736572,0,36000,heldout
head,1,0,1.491029143333435,0.45517241954803467,0,36000,heldout
head,1,1,2.1558178663253784,0.5586206912994385,0,36000,heldout
head,1,2,1.6637662649154663,0.45517241954803467,0,36000,heldout
head,1,3,1.7215545177459717,0.45517241954803467,0,36000,heldout
mlp_group,1,0,0.026236891746520996,0.013793110847473145,0,36000,heldout
mlp_group,1,1,0.021812275052070618,0.013793110847473145,0,36000,heldout
mlp_group,1,2,-0.0038003623485565186,0.0,0,36000,heldout
mlp_group,1,3,0.005281910300254822,0.0,0,36000,heldout
mlp_group,1,4,0.0008245259523391724,0.006896555423736572,0,36000,heldout
mlp_group,1,5,0.005508825182914734,0.013793110847473145,0,36000,heldout
mlp_group,1,6,0.0025552213191986084,0.0,0,36000,heldout
mlp_group,1,7,0.006060585379600525,0.006896555423736572,0,36000,heldout
head,0,0,2.2743321657180786,0.565517246723175,0,36500,heldout
head,0,1,2.8751736879348755,0.6758620738983154,0,36500,heldout
head,0,2,2.764835000038147,0.6965517103672028,0,36500,heldout
head,0,3,2.566879391670227,0.5999999940395355,0,36500,heldout
mlp_group,0,0,0.0005273371934890747,0.0,0,36500,heldout
mlp_group,0,1,0.00011085718870162964,0.0,0,36500,heldout
mlp_group,0,2,-0.0007599890232086182,0.0,0,36500,heldout
mlp_group,0,3,0.0021270960569381714,0.0,0,36500,heldout
mlp_group,0,4,-0.0012755990028381348,0.0,0,36500,heldout
mlp_group,0,5,0.001531347632408142,0.0,0,36500,heldout
mlp_group,0,6,-0.002687029540538788,0.0,0,36500,heldout
mlp_group,0,7,-0.0016079321503639221,0.0,0,36500,heldout
head,1,0,1.917979121208191,0.5448275804519653,0,36500,heldout
head,1,1,2.4677520990371704,0.5517241358757019,0,36500,heldout
head,1,2,2.112368941307068,0.5310344696044922,0,36500,heldout
head,1,3,2.100809693336487,0.5379310250282288,0,36500,heldout
mlp_group,1,0,0.0243624746799469,0.0,0,36500,heldout
mlp_group,1,1,0.03148672729730606,0.006896555423736572,0,36500,heldout
mlp_group,1,2,0.0020867139101028442,0.0,0,36500,heldout
mlp_group,1,3,0.011251337826251984,0.0,0,36500,heldout
mlp_group,1,4,-0.002347804605960846,0.0,0,36500,heldout
mlp_group,1,5,0.0017481371760368347,0.0,0,36500,heldout
mlp_group,1,6,0.0053214430809021,0.0,0,36500,heldout
mlp_group,1,7,0.005247078835964203,0.0,0,36500,heldout
head,0,0,1.827397570014,0.5103448033332825,0,37000,heldout
head,0,1,2.3078911155462265,0.6206896305084229,0,37000,heldout
head,0,2,2.041865572333336,0.5517241358757019,0,37000,heldout
head,0,3,1.9265787452459335,0.5379310250282288,0,37000,heldout
mlp_group,0,0,0.00482882559299469,0.0,0,37000,heldout
mlp_group,0,1,0.0060204267501831055,0.0,0,37000,heldout
mlp_group,0,2,0.00191497802734375,0.0,0,37000,heldout
mlp_group,0,3,0.0035226941108703613,0.0,0,37000,heldout
mlp_group,0,4,0.003712981939315796,0.0,0,37000,heldout
mlp_group,0,5,0.003597348928451538,0.0,0,37000,heldout
mlp_group,0,6,0.0016967356204986572,0.0,0,37000,heldout
mlp_group,0,7,0.004039213061332703,0.0,0,37000,heldout
head,1,0,1.3883997052907944,0.43448275327682495,0,37000,heldout
head,1,1,1.8097811788320541,0.4689655303955078,0,37000,heldout
head,1,2,1.2908935397863388,0.38620686531066895,0,37000,heldout
head,1,3,1.5334813445806503,0.3999999761581421,0,37000,heldout
mlp_group,1,0,0.03540758788585663,0.006896555423736572,0,37000,heldout
mlp_group,1,1,0.013380035758018494,0.0,0,37000,heldout
mlp_group,1,2,0.003194957971572876,0.006896555423736572,0,37000,heldout
mlp_group,1,3,0.0042367130517959595,0.0,0,37000,heldout
mlp_group,1,4,-0.0035383254289627075,-0.006896555423736572,0,37000,heldout
mlp_group,1,5,-0.0037192106246948242,0.0,0,37000,heldout
mlp_group,1,6,0.00021825730800628662,0.0,0,37000,heldout
mlp_group,1,7,-0.0009580701589584351,0.0,0,37000,heldout
head,0,0,2.3357413336634636,0.593103438615799,0,37500,heldout
head,0,1,3.0557942911982536,0.6689655184745789,0,37500,heldout
head,0,2,2.709068112075329,0.593103438615799,0,37500,heldout
head,0,3,2.5781558081507683,0.6137931048870087,0,37500,heldout
mlp_group,0,0,0.002846233546733856,0.0,0,37500,heldout
mlp_group,0,1,0.00312235951423645,-0.006896555423736572,0,37500,heldout
mlp_group,0,2,-0.00037428736686706543,0.0,0,37500,heldout
mlp_group,0,3,-0.00015406310558319092,0.0,0,37500,heldout
mlp_group,0,4,0.0015624240040779114,-0.006896555423736572,0,37500,heldout
mlp_group,0,5,0.0032439306378364563,0.0,0,37500,heldout
mlp_group,0,6,0.00014590471982955933,0.0,0,37500,heldout
mlp_group,0,7,0.0036089345812797546,0.0,0,37500,heldout
head,1,0,2.0534954592585564,0.5310344696044922,0,37500,heldout
head,1,1,2.4552176520228386,0.6206896603107452,0,37500,heldout
head,1,2,2.018244080245495,0.5379310250282288,0,37500,heldout
head,1,3,2.184661202132702,0.5586206912994385,0,37500,heldout
mlp_group,1,0,0.02361948788166046,0.0,0,37500,heldout
mlp_group,1,1,0.011936694383621216,0.0,0,37500,heldout
mlp_group,1,2,0.0043737515807151794,0.0,0,37500,heldout
mlp_group,1,3,0.005958497524261475,0.0,0,37500,heldout
mlp_group,1,4,0.0020774081349372864,0.0,0,37500,heldout
mlp_group,1,5,0.0029319971799850464,0.0,0,37500,heldout
mlp_group,1,6,0.005106844007968903,0.0,0,37500,heldout
mlp_group,1,7,0.005284175276756287,0.0,0,37500,heldout
head,0,0,2.6869741454720497,0.634482741355896,0,38000,heldout
head,0,1,3.397353269159794,0.6896551549434662,0,38000,heldout
head,0,2,3.100551225244999,0.6413792967796326,0,38000,heldout
head,0,3,2.9670237079262733,0.6758620738983154,0,38000,heldout
mlp_group,0,0,0.004630446434020996,-0.006896555423736572,0,38000,heldout
mlp_group,0,1,0.005810260772705078,-0.006896555423736572,0,38000,heldout
mlp_group,0,2,0.0006376057863235474,-0.006896555423736572,0,38000,heldout
mlp_group,0,3,0.00022973492741584778,-0.006896555423736572,0,38000,heldout
mlp_group,0,4,0.0026436522603034973,-0.006896555423736572,0,38000,heldout
mlp_group,0,5,0.006042398512363434,-0.006896555423736572,0,38000,heldout
mlp_group,0,6,0.001770712435245514,-0.006896555423736572,0,38000,heldout
mlp_group,0,7,0.00622134655714035,-0.006896555423736572,0,38000,heldout
head,1,0,2.482845403254032,0.5241379141807556,0,38000,heldout
head,1,1,2.753782846033573,0.6689655184745789,0,38000,heldout
head,1,2,2.433479644358158,0.5793103277683258,0,38000,heldout
head,1,3,2.4712823405861855,0.5862068831920624,0,38000,heldout
mlp_group,1,0,0.02297264337539673,-0.006896555423736572,0,38000,heldout
mlp_group,1,1,0.010211177170276642,0.0,0,38000,heldout
mlp_group,1,2,0.005442090332508087,0.0,0,38000,heldout
mlp_group,1,3,0.0066278353333473206,0.0,0,38000,heldout
mlp_group,1,4,0.004050925374031067,0.0,0,38000,heldout
mlp_group,1,5,0.0034609660506248474,0.0,0,38000,heldout
mlp_group,1,6,0.0052079856395721436,0.0,0,38000,heldout
mlp_group,1,7,0.007644236087799072,0.0,0,38000,heldout
head,0,0,2.9625225365161896,0.6758620738983154,0,38500,heldout
head,0,1,3.7495148479938507,0.724137932062149,0,38500,heldout
head,0,2,3.4765696823596954,0.6896551549434662,0,38500,heldout
head,0,3,3.2832475006580353,0.6689655184745789,0,38500,heldout
mlp_group,0,0,0.010578878223896027,-0.006896555423736572,0,38500,heldout
mlp_group,0,1,0.015174321830272675,-0.006896555423736572,0,38500,heldout
mlp_group,0,2,0.0054535046219825745,-0.006896555423736572,0,38500,heldout
mlp_group,0,3,0.0046955980360507965,-0.006896555423736572,0,38500,heldout
mlp_group,0,4,0.008519947528839111,-0.006896555423736572,0,38500,heldout
mlp_group,0,5,0.013339266180992126,-0.006896555423736572,0,38500,heldout
mlp_group,0,6,0.0070557743310928345,-0.006896555423736572,0,38500,heldout
mlp_group,0,7,0.015773020684719086,0.0,0,38500,heldout
head,1,0,2.8183954060077667,0.565517246723175,0,38500,heldout
head,1,1,2.954760104417801,0.7034482657909393,0,38500,heldout
head,1,2,2.7899971306324005,0.6551724076271057,0,38500,heldout
head,1,3,2.751865893602371,0.593103438615799,0,38500,heldout
mlp_group,1,0,0.01614968478679657,0.0,0,38500,heldout
mlp_group,1,1,0.007108613848686218,0.0,0,38500,heldout
mlp_group,1,2,0.005450926721096039,0.0,0,38500,heldout
mlp_group,1,3,0.008842535316944122,0.0,0,38500,heldout
mlp_group,1,4,0.00607743114233017,0.0,0,38500,heldout
mlp_group,1,5,0.0006612613797187805,0.0,0,38500,heldout
mlp_group,1,6,0.0034394189715385437,0.0,0,38500,heldout
mlp_group,1,7,0.008803434669971466,0.0,0,38500,heldout
head,0,0,1.7603956758975983,0.45517241954803467,0,39000,heldout
head,0,1,2.32559135556221,0.4689655303955078,0,39000,heldout
head,0,2,2.0924613773822784,0.5034482479095459,0,39000,heldout
head,0,3,1.9760084450244904,0.4965517222881317,0,39000,heldout
mlp_group,0,0,0.003113396465778351,0.0,0,39000,heldout
mlp_group,0,1,0.005140289664268494,0.006896555423736572,0,39000,heldout
mlp_group,0,2,0.0018772855401039124,0.0,0,39000,heldout
mlp_group,0,3,0.0022031962871551514,0.0,0,39000,heldout
mlp_group,0,4,0.0024121925234794617,0.0,0,39000,heldout
mlp_group,0,5,0.00323399156332016,0.0,0,39000,heldout
mlp_group,0,6,-0.00048385560512542725,0.0,0,39000,heldout
mlp_group,0,7,0.002421364188194275,0.0,0,39000,heldout
head,1,0,1.7655988037586212,0.4275861978530884,0,39000,heldout
head,1,1,2.0918772518634796,0.5241379141807556,0,39000,heldout
head,1,2,1.8727666437625885,0.475862056016922,0,39000,heldout
head,1,3,1.7921535074710846,0.48965516686439514,0,39000,heldout
mlp_group,1,0,0.018187090754508972,0.006896555423736572,0,39000,heldout
mlp_group,1,1,0.003373757004737854,0.0,0,39000,heldout
mlp_group,1,2,0.0007647573947906494,0.0,0,39000,heldout
mlp_group,1,3,0.006725534796714783,0.0,0,39000,heldout
mlp_group,1,4,0.00458189845085144,0.0,0,39000,heldout
mlp_group,1,5,-0.0036102980375289917,0.0,0,39000,heldout
mlp_group,1,6,0.00027176737785339355,-0.006896555423736572,0,39000,heldout
mlp_group,1,7,0.012826576828956604,0.0,0,39000,heldout
head,0,0,2.2702935114502907,0.5793103277683258,0,39500,heldout
head,0,1,2.7393367663025856,0.5586206912994385,0,39500,heldout
head,0,2,2.62522105127573,0.6137931048870087,0,39500,heldout
head,0,3,2.403263606131077,0.5793103277683258,0,39500,heldout
mlp_group,0,0,0.003636091947555542,0.0,0,39500,heldout
mlp_group,0,1,0.006057038903236389,0.0,0,39500,heldout
mlp_group,0,2,0.0023720040917396545,0.0,0,39500,heldout
mlp_group,0,3,0.0026007145643234253,0.0,0,39500,heldout
mlp_group,0,4,0.0025000423192977905,0.0,0,39500,heldout
mlp_group,0,5,0.004573039710521698,0.0,0,39500,heldout
mlp_group,0,6,0.0006895884871482849,0.0,0,39500,heldout
mlp_group,0,7,0.003571145236492157,0.0,0,39500,heldout
head,1,0,2.0760391131043434,0.48275864124298096,0,39500,heldout
head,1,1,2.5348565950989723,0.6482758522033691,0,39500,heldout
head,1,2,2.4031150713562965,0.6206896603107452,0,39500,heldout
head,1,3,2.2026400938630104,0.5517241358757019,0,39500,heldout
mlp_group,1,0,0.011228151619434357,0.0,0,39500,heldout
mlp_group,1,1,0.00834338366985321,0.0,0,39500,heldout
mlp_group,1,2,0.0024679824709892273,0.0,0,39500,heldout
mlp_group,1,3,0.012120306491851807,0.0,0,39500,heldout
mlp_group,1,4,0.00688006728887558,0.0,0,39500,heldout
mlp_group,1,5,0.0011559203267097473,0.0,0,39500,heldout
mlp_group,1,6,0.005805842578411102,0.0,0,39500,heldout
mlp_group,1,7,0.011613942682743073,0.0,0,39500,heldout
head,0,0,2.5026157423853874,0.6137931048870087,0,40000,heldout
head,0,1,3.0048063322901726,0.5999999940395355,0,40000,heldout
head,0,2,2.94440608471632,0.6068965494632721,0,40000,heldout
head,0,3,2.5783210322260857,0.6137931048870087,0,40000,heldout
mlp_group,0,0,0.0033199042081832886,-0.006896555423736572,0,40000,heldout
mlp_group,0,1,0.006958574056625366,-0.006896555423736572,0,40000,heldout
mlp_group,0,2,0.002747967839241028,-0.006896555423736572,0,40000,heldout
mlp_group,0,3,0.00286758691072464,-0.006896555423736572,0,40000,heldout
mlp_group,0,4,0.0017384141683578491,-0.006896555423736572,0,40000,heldout
mlp_group,0,5,0.004706285893917084,-0.006896555423736572,0,40000,heldout
mlp_group,0,6,0.0027779117226600647,-0.006896555423736572,0,40000,heldout
mlp_group,0,7,0.0031973347067832947,-0.006896555423736572,0,40000,heldout
head,1,0,2.210120014846325,0.4965517222881317,0,40000,heldout
head,1,1,2.732249788939953,0.682758629322052,0,40000,heldout
head,1,2,2.666169695556164,0.6758620738983154,0,40000,heldout
head,1,3,2.4208639189600945,0.5586206912994385,0,40000,heldout
mlp_group,1,0,0.006899699568748474,-0.006896555423736572,0,40000,heldout
mlp_group,1,1,0.008539006114006042,0.0,0,40000,heldout
mlp_group,1,2,0.0007467418909072876,0.0,0,40000,heldout
mlp_group,1,3,0.011204898357391357,0.0,0,40000,heldout
mlp_group,1,4,0.005330599844455719,0.0,0,40000,heldout
mlp_group,1,5,0.0004431381821632385,0.0,0,40000,heldout
mlp_group,1,6,0.0062772780656814575,0.0,0,40000,heldout
mlp_group,1,7,0.010883904993534088,0.0,0,40000,heldout
head,0,0,1.186406597495079,0.33103448152542114,0,40500,heldout
head,0,1,1.8592421859502792,0.5103448033332825,0,40500,heldout
head,0,2,2.2751996368169785,0.517241358757019,0,40500,heldout
head,0,3,1.2023488134145737,0.4275861978530884,0,40500,heldout
mlp_group,0,0,0.005291283130645752,0.0,0,40500,heldout
mlp_group,0,1,0.008868977427482605,0.0,0,40500,heldout
mlp_group,0,2,0.0024652034044265747,0.0,0,40500,heldout
mlp_group,0,3,0.002152085304260254,0.0,0,40500,heldout
mlp_group,0,4,0.004212141036987305,0.0,0,40500,heldout
mlp_group,0,5,0.0046170055866241455,0.0,0,40500,heldout
mlp_group,0,6,0.0011519938707351685,0.0,0,40500,heldout
mlp_group,0,7,0.004092678427696228,0.0,0,40500,heldout
head,1,0,1.5796778053045273,0.5103448033332825,0,40500,heldout
head,1,1,1.8790085166692734,0.5448275804519653,0,40500,heldout
head,1,2,1.3334622234106064,0.4965517222881317,0,40500,heldout
head,1,3,1.881136640906334,0.4275861978530884,0,40500,heldout
mlp_group,1,0,0.015000671148300171,0.0,0,40500,heldout
mlp_group,1,1,0.006403088569641113,0.006896555423736572,0,40500,heldout
mlp_group,1,2,-0.0035152584314346313,-0.006896555423736572,0,40500,heldout
mlp_group,1,3,0.00187624990940094,0.0,0,40500,heldout
mlp_group,1,4,0.01095592975616455,0.0,0,40500,heldout
mlp_group,1,5,0.0011485964059829712,0.0,0,40500,heldout
mlp_group,1,6,0.00041179358959198,0.0,0,40500,heldout
mlp_group,1,7,0.008265197277069092,0.006896555423736572,0,40500,heldout
head,0,0,1.698903575539589,0.4482758641242981,0,41000,heldout
head,0,1,2.3671550899744034,0.5586206912994385,0,41000,heldout
head,0,2,2.8186655193567276,0.6620689630508423,0,41000,heldout
head,0,3,1.8507049232721329,0.5862068831920624,0,41000,heldout
mlp_group,0,0,0.010949961841106415,0.006896555423736572,0,41000,heldout
mlp_group,0,1,0.016000710427761078,0.006896555423736572,0,41000,heldout
mlp_group,0,2,0.0049594491720199585,0.006896555423736572,0,41000,heldout
mlp_group,0,3,0.005286447703838348,0.006896555423736572,0,41000,heldout
mlp_group,0,4,0.006731346249580383,0.0,0,41000,heldout
mlp_group,0,5,0.009731471538543701,0.006896555423736572,0,41000,heldout
mlp_group,0,6,0.005308367311954498,0.006896555423736572,0,41000,heldout
mlp_group,0,7,0.008532047271728516,0.006896555423736572,0,41000,heldout
head,1,0,1.9884634166955948,0.5517241358757019,0,41000,heldout
head,1,1,2.3971679359674454,0.6275861859321594,0,41000,heldout
head,1,2,1.826390877366066,0.5999999940395355,0,41000,heldout
head,1,3,2.2271223217248917,0.4965517222881317,0,41000,heldout
mlp_group,1,0,0.01396176964044571,0.0,0,41000,heldout
mlp_group,1,1,0.004384785890579224,0.0,0,41000,heldout
mlp_group,1,2,0.004700116813182831,0.0,0,41000,heldout
mlp_group,1,3,0.00805758684873581,0.0,0,41000,heldout
mlp_group,1,4,0.011681750416755676,0.0,0,41000,heldout
mlp_group,1,5,0.004286862909793854,0.0,0,41000,heldout
mlp_group,1,6,0.0028482452034950256,0.0,0,41000,heldout
mlp_group,1,7,0.005674131214618683,0.0,0,41000,heldout
head,0,0,1.8946385718882084,0.5517241358757019,0,41500,heldout
head,0,1,2.6793719865381718,0.5793103575706482,0,41500,heldout
head,0,2,2.953652296215296,0.6206896603107452,0,41500,heldout
head,0,3,2.1659034825861454,0.6275862157344818,0,41500,heldout
mlp_group,0,0,0.013802137225866318,0.0,0,41500,heldout
mlp_group,0,1,0.01821725443005562,0.0,0,41500,heldout
mlp_group,0,2,0.007095996290445328,0.0,0,41500,heldout
mlp_group,0,3,0.007012169808149338,0.0,0,41500,heldout
mlp_group,0,4,0.00704878568649292,0.0,0,41500,heldout
mlp_group,0,5,0.010395839810371399,0.0,0,41500,heldout
mlp_group,0,6,0.0083603635430336,0.0,0,41500,heldout
mlp_group,0,7,0.008675094693899155,0.0,0,41500,heldout
head,1,0,2.2408284284174442,0.5517241358757019,0,41500,heldout
head,1,1,2.6658782102167606,0.6620689630508423,0,41500,heldout
head,1,2,2.0880724526941776,0.5724138021469116,0,41500,heldout
head,1,3,2.3560358621180058,0.5793103575706482,0,41500,heldout
mlp_group,1,0,0.01237088069319725,0.0,0,41500,heldout
mlp_group,1,1,0.0030084773898124695,0.0,0,41500,heldout
mlp_group,1,2,0.006624538451433182,0.0,0,41500,heldout
mlp_group,1,3,0.009338617324829102,0.0,0,41500,heldout
mlp_group,1,4,0.008570946753025055,0.0,0,41500,heldout
mlp_group,1,5,0.004578694701194763,0.0,0,41500,heldout
mlp_group,1,6,0.003965508192777634,0.0,0,41500,heldout
mlp_group,1,7,0.006155692040920258,0.0,0,41500,heldout
head,0,0,0.8884597159922123,0.26896554231643677,0,42000,heldout
head,0,1,1.603628370910883,0.46206897497177124,0,42000,heldout
head,0,2,1.8200039602816105,0.5103448331356049,0,42000,heldout
head,0,3,1.2864389158785343,0.4413793087005615,0,42000,heldout
mlp_group,0,0,0.005068514496088028,0.0,0,42000,heldout
mlp_group,0,1,0.007227662950754166,0.0,0,42000,heldout
mlp_group,0,2,0.004436951130628586,0.0,0,42000,heldout
mlp_group,0,3,0.0038714222609996796,0.0,0,42000,heldout
mlp_group,0,4,0.004022363573312759,0.0,0,42000,heldout
mlp_group,0,5,0.003925640136003494,0.0,0,42000,heldout
mlp_group,0,6,0.003393661230802536,0.0,0,42000,heldout
mlp_group,0,7,0.004216324537992477,0.0,0,42000,heldout
head,1,0,1.804490301758051,0.4689655303955078,0,42000,heldout
head,1,1,1.7046392895281315,0.5379310250282288,0,42000,heldout
head,1,2,1.2811827398836613,0.40689653158187866,0,42000,heldout
head,1,3,1.7837109304964542,0.48965519666671753,0,42000,heldout
mlp_group,1,0,0.012975972145795822,0.0,0,42000,heldout
mlp_group,1,1,0.0011306293308734894,0.0,0,42000,heldout
mlp_group,1,2,0.002806570380926132,0.0,0,42000,heldout
mlp_group,1,3,0.004790429025888443,0.0,0,42000,heldout
mlp_group,1,4,0.00552576407790184,0.0,0,42000,heldout
mlp_group,1,5,0.00043863430619239807,0.0,0,42000,heldout
mlp_group,1,6,0.0012332387268543243,0.0,0,42000,heldout
mlp_group,1,7,0.002783391624689102,0.0,0,42000,heldout
head,0,0,1.4836132787168026,0.45517241954803467,0,42500,heldout
head,0,1,2.1669912599027157,0.5448275804519653,0,42500,heldout
head,0,2,2.1703410409390926,0.5517241358757019,0,42500,heldout
head,0,3,1.9487569592893124,0.565517246723175,0,42500,heldout
mlp_group,0,0,0.004787947982549667,0.0,0,42500,heldout
mlp_group,0,1,0.006713312119245529,0.0,0,42500,heldout
mlp_group,0,2,0.004095207899808884,0.0,0,42500,heldout
mlp_group,0,3,0.003392428159713745,0.0,0,42500,heldout
mlp_group,0,4,0.002913709729909897,0.0,0,42500,heldout
mlp_group,0,5,0.004063591361045837,0.0,0,42500,heldout
mlp_group,0,6,0.003732047975063324,0.0,0,42500,heldout
mlp_group,0,7,0.004188358783721924,0.0,0,42500,heldout
head,1,0,2.1572888158261776,0.5172413885593414,0,42500,heldout
head,1,1,2.1535959504544735,0.6068965494632721,0,42500,heldout
head,1,2,1.7618221305310726,0.5034482777118683,0,42500,heldout
head,1,3,2.261683490127325,0.5793103575706482,0,42500,heldout
mlp_group,1,0,0.012018982321023941,0.0,0,42500,heldout
mlp_group,1,1,0.0031705722212791443,0.0,0,42500,heldout
mlp_group,1,2,0.004800964146852493,0.0,0,42500,heldout
mlp_group,1,3,0.00726727768778801,0.0,0,42500,heldout
mlp_group,1,4,0.006738398224115372,0.0,0,42500,heldout
mlp_group,1,5,0.002764753997325897,0.0,0,42500,heldout
mlp_group,1,6,0.0025287047028541565,0.0,0,42500,heldout
mlp_group,1,7,0.00577859953045845,0.0,0,42500,heldout
head,0,0,1.9029036574065685,0.5310344696044922,0,43000,heldout
head,0,1,2.5866646580398083,0.5862068831920624,0,43000,heldout
head,0,2,2.350045185536146,0.5448275804519653,0,43000,heldout
head,0,3,2.4877998642623425,0.6620689630508423,0,43000,heldout
mlp_group,0,0,0.006888199597597122,0.0,0,43000,heldout
mlp_group,0,1,0.00895271822810173,0.0,0,43000,heldout
mlp_group,0,2,0.006210301071405411,0.0,0,43000,heldout
mlp_group,0,3,0.004590492695569992,0.0,0,43000,heldout
mlp_group,0,4,0.004170220345258713,0.0,0,43000,heldout
mlp_group,0,5,0.00577361136674881,0.0,0,43000,heldout
mlp_group,0,6,0.0055204033851623535,0.0,0,43000,heldout
mlp_group,0,7,0.005354389548301697,0.0,0,43000,heldout
head,1,0,2.2925784401595592,0.5103448331356049,0,43000,heldout
head,1,1,2.2928161434829235,0.5862068831920624,0,43000,heldout
head,1,2,1.987904530018568,0.5379310250282288,0,43000,heldout
head,1,3,2.4269103817641735,0.5517241358757019,0,43000,heldout
mlp_group,1,0,0.00947386771440506,0.0,0,43000,heldout
mlp_group,1,1,0.0029026269912719727,0.0,0,43000,heldout
mlp_group,1,2,0.005600910633802414,0.0,0,43000,heldout
mlp_group,1,3,0.007206916809082031,0.0,0,43000,heldout
mlp_group,1,4,0.006642814725637436,0.0,0,43000,heldout
mlp_group,1,5,0.003908198326826096,0.0,0,43000,heldout
mlp_group,1,6,0.0033195242285728455,0.0,0,43000,heldout
mlp_group,1,7,0.005680251866579056,0.0,0,43000,heldout
head,0,0,2.296239446848631,0.6206896603107452,0,43500,heldout
head,0,1,2.9552956335246563,0.6275862157344818,0,43500,heldout
head,0,2,2.632710289210081,0.593103438615799,0,43500,heldout
head,0,3,2.9551177732646465,0.6896551847457886,0,43500,heldout
mlp_group,0,0,0.009681440889835358,0.0,0,43500,heldout
mlp_group,0,1,0.01163562759757042,0.0,0,43500,heldout
mlp_group,0,2,0.008779525756835938,0.0,0,43500,heldout
mlp_group,0,3,0.006846517324447632,0.0,0,43500,heldout
mlp_group,0,4,0.00601578876376152,0.0,0,43500,heldout
mlp_group,0,5,0.007724590599536896,0.0,0,43500,heldout
mlp_group,0,6,0.00903717428445816,0.006896555423736572,0,43500,heldout
mlp_group,0,7,0.006425078958272934,0.0,0,43500,heldout
head,1,0,2.3819366209208965,0.4965517520904541,0,43500,heldout
head,1,1,2.377064060419798,0.5862068831920624,0,43500,heldout
head,1,2,2.1782932989299297,0.5517241358757019,0,43500,heldout
head,1,3,2.494062017649412,0.5310344696044922,0,43500,heldout
mlp_group,1,0,0.0066625624895095825,0.0,0,43500,heldout
mlp_group,1,1,0.0033636651933193207,0.0,0,43500,heldout
mlp_group,1,2,0.00557868555188179,0.0,0,43500,heldout
mlp_group,1,3,0.006566524505615234,0.0,0,43500,heldout
mlp_group,1,4,0.005685057491064072,0.0,0,43500,heldout
mlp_group,1,5,0.003555998206138611,0.0,0,43500,heldout
mlp_group,1,6,0.0031127743422985077,0.0,0,43500,heldout
mlp_group,1,7,0.005134936422109604,0.0,0,43500,heldout
head,0,0,1.1838213428854942,0.365517258644104,0,44000,heldout
head,0,1,1.7656682953238487,0.43448275327682495,0,44000,heldout
head,0,2,1.6912174448370934,0.5310344696044922,0,44000,heldout
head,0,3,1.4575402960181236,0.4689655303955078,0,44000,heldout
mlp_group,0,0,0.005186676979064941,-0.006896555423736572,0,44000,heldout
mlp_group,0,1,0.006523825228214264,-0.006896555423736572,0,44000,heldout
mlp_group,0,2,0.005150176584720612,-0.006896555423736572,0,44000,heldout
mlp_group,0,3,0.0046266913414001465,-0.006896555423736572,0,44000,heldout
mlp_group,0,4,0.005234479904174805,-0.006896555423736572,0,44000,heldout
mlp_group,0,5,0.003376707434654236,0.0,0,44000,heldout
mlp_group,0,6,0.002499997615814209,-0.006896555423736572,0,44000,heldout
mlp_group,0,7,0.004550114274024963,0.0,0,44000,heldout
head,1,0,1.85869350284338,0.4482758641242981,0,44000,heldout
head,1,1,1.3440433964133263,0.40689653158187866,0,44000,heldout
head,1,2,1.2603526338934898,0.4413793087005615,0,44000,heldout
head,1,3,2.03334953635931,0.5241379141807556,0,44000,heldout
mlp_group,1,0,0.008631587028503418,0.0,0,44000,heldout
mlp_group,1,1,0.003317438066005707,0.0,0,44000,heldout
mlp_group,1,2,-0.004480764269828796,-0.006896555423736572,0,44000,heldout
mlp_group,1,3,0.0023685917258262634,0.0,0,44000,heldout
mlp_group,1,4,0.012838557362556458,0.0,0,44000,heldout
mlp_group,1,5,-0.0027605965733528137,0.0,0,44000,heldout
mlp_group,1,6,0.005095571279525757,-0.006896555423736572,0,44000,heldout
mlp_group,1,7,0.015012204647064209,0.0,0,44000,heldout
head,0,0,1.7681569121778011,0.5310344696044922,0,44500,heldout
head,0,1,2.2314107678830624,0.565517246723175,0,44500,heldout
head,0,2,2.3833816312253475,0.6758620738983154,0,44500,heldout
head,0,3,2.0904333852231503,0.5310344696044922,0,44500,heldout
mlp_group,0,0,0.0036940649151802063,0.0,0,44500,heldout
mlp_group,0,1,0.00371469184756279,0.0,0,44500,heldout
mlp_group,0,2,0.002420339733362198,0.0,0,44500,heldout
mlp_group,0,3,0.0028300322592258453,0.0,0,44500,heldout
mlp_group,0,4,0.0030884891748428345,0.0,0,44500,heldout
mlp_group,0,5,0.0032769814133644104,0.0,0,44500,heldout
mlp_group,0,6,0.002515047788619995,0.0,0,44500,heldout
mlp_group,0,7,0.0037977881729602814,0.0,0,44500,heldout
head,1,0,2.1042909882962704,0.48275864124298096,0,44500,heldout
head,1,1,2.0763414166867733,0.5586206912994385,0,44500,heldout
head,1,2,1.9806628488004208,0.5724138021469116,0,44500,heldout
head,1,3,2.3137922547757626,0.5379310250282288,0,44500,heldout
mlp_group,1,0,0.005849387496709824,0.0,0,44500,heldout
mlp_group,1,1,0.006488703191280365,0.0,0,44500,heldout
mlp_group,1,2,0.0014694631099700928,0.0,0,44500,heldout
mlp_group,1,3,0.0053606703877449036,0.0,0,44500,heldout
mlp_group,1,4,0.004999667406082153,0.0,0,44500,heldout
mlp_group,1,5,0.002521209418773651,0.0,0,44500,heldout
mlp_group,1,6,0.0006892941892147064,0.0,0,44500,heldout
mlp_group,1,7,0.0076114460825920105,0.0,0,44500,heldout
head,0,0,2.011433582752943,0.5448275804519653,0,45000,heldout
head,0,1,2.6286787800490856,0.5793103575706482,0,45000,heldout
head,0,2,2.5778882317245007,0.6275862157344818,0,45000,heldout
head,0,3,2.5585508160293102,0.6206896603107452,0,45000,heldout
mlp_group,0,0,0.0032910294830799103,0.0,0,45000,heldout
mlp_group,0,1,0.003292996436357498,0.0,0,45000,heldout
mlp_group,0,2,0.0025029517710208893,0.0,0,45000,heldout
mlp_group,0,3,0.002609141170978546,0.0,0,45000,heldout
mlp_group,0,4,0.0030403845012187958,0.0,0,45000,heldout
mlp_group,0,5,0.003537047654390335,0.0,0,45000,heldout
mlp_group,0,6,0.0019488818943500519,0.0,0,45000,heldout
mlp_group,0,7,0.003749329596757889,0.0,0,45000,heldout
head,1,0,2.260738354176283,0.5172413885593414,0,45000,heldout
head,1,1,2.474779110401869,0.5862068831920624,0,45000,heldout
head,1,2,2.4905326180160046,0.6482758522033691,0,45000,heldout
head,1,3,2.5302197746932507,0.5586206912994385,0,45000,heldout
mlp_group,1,0,0.005192752927541733,0.0,0,45000,heldout
mlp_group,1,1,0.007005058228969574,0.0,0,45000,heldout
mlp_group,1,2,0.0025835558772087097,0.0,0,45000,heldout
mlp_group,1,3,0.006137058138847351,0.0,0,45000,heldout
mlp_group,1,4,0.004912540316581726,0.0,0,45000,heldout
mlp_group,1,5,0.002895612269639969,0.0,0,45000,heldout
mlp_group,1,6,0.002831012010574341,0.0,0,45000,heldout
mlp_group,1,7,0.007354825735092163,0.0,0,45000,heldout
head,0,0,2.2728921994566917,0.565517246723175,0,45500,heldout
head,0,1,2.9458810910582542,0.6068965494632721,0,45500,heldout
head,0,2,2.755645953118801,0.6137931048870087,0,45500,heldout
head,0,3,2.9239837750792503,0.6551724076271057,0,45500,heldout
mlp_group,0,0,0.0035535618662834167,0.0,0,45500,heldout
mlp_group,0,1,0.0034439265727996826,0.0,0,45500,heldout
mlp_group,0,2,0.00354873389005661,0.0,0,45500,heldout
mlp_group,0,3,0.003384806215763092,0.0,0,45500,heldout
mlp_group,0,4,0.0034506767988204956,0.0,0,45500,heldout
mlp_group,0,5,0.004041086882352829,0.0,0,45500,heldout
mlp_group,0,6,0.0018969513475894928,0.0,0,45500,heldout
mlp_group,0,7,0.003973610699176788,0.0,0,45500,heldout
head,1,0,2.3395399674773216,0.5034482777118683,0,45500,heldout
head,1,1,2.7080227956175804,0.6275862157344818,0,45500,heldout
head,1,2,2.7921855077147484,0.6758620738983154,0,45500,heldout
head,1,3,2.603233776986599,0.593103438615799,0,45500,heldout
mlp_group,1,0,0.003496803343296051,0.0,0,45500,heldout
mlp_group,1,1,0.008130673319101334,0.006896555423736572,0,45500,heldout
mlp_group,1,2,0.0023109540343284607,0.0,0,45500,heldout
mlp_group,1,3,0.005760878324508667,0.0,0,45500,heldout
mlp_group,1,4,0.003854658454656601,0.0,0,45500,heldout
mlp_group,1,5,0.002121366560459137,0.0,0,45500,heldout
mlp_group,1,6,0.0031965821981430054,0.0,0,45500,heldout
mlp_group,1,7,0.007036656141281128,0.0,0,45500,heldout
head,0,0,2.5463677421212196,0.634482741355896,0,46000,heldout
head,0,1,2.389383889734745,0.48275864124298096,0,46000,heldout
head,0,2,3.775654651224613,0.7862068861722946,0,46000,heldout
head,0,3,2.8660794273018837,0.6482758522033691,0,46000,heldout
mlp_group,0,0,0.009120166301727295,0.006896555423736572,0,46000,heldout
mlp_group,0,1,0.008231677114963531,0.006896555423736572,0,46000,heldout
mlp_group,0,2,0.006654426455497742,0.006896555423736572,0,46000,heldout
mlp_group,0,3,0.004850953817367554,0.0,0,46000,heldout
mlp_group,0,4,0.005399644374847412,0.0,0,46000,heldout
mlp_group,0,5,0.005914166569709778,0.006896555423736572,0,46000,heldout
mlp_group,0,6,0.008760862052440643,0.006896555423736572,0,46000,heldout
mlp_group,0,7,0.006140917539596558,0.006896555423736572,0,46000,heldout
head,1,0,2.150877095758915,0.5172413885593414,0,46000,heldout
head,1,1,1.9072878137230873,0.5793103277683258,0,46000,heldout
head,1,2,1.6162652745842934,0.37931036949157715,0,46000,heldout
head,1,3,2.341144658625126,0.4965517222881317,0,46000,heldout
mlp_group,1,0,0.011854872107505798,0.0,0,46000,heldout
mlp_group,1,1,0.01104728877544403,0.006896555423736572,0,46000,heldout
mlp_group,1,2,0.002716958522796631,0.0,0,46000,heldout
mlp_group,1,3,0.007163353264331818,0.0,0,46000,heldout
mlp_group,1,4,0.013858266174793243,0.0,0,46000,heldout
mlp_group,1,5,0.0039715394377708435,0.0,0,46000,heldout
mlp_group,1,6,0.00536017119884491,0.0,0,46000,heldout
mlp_group,1,7,0.016689620912075043,0.0,0,46000,heldout
head,0,0,2.657146017998457,0.6620689630508423,0,46500,heldout
head,0,1,2.679071705788374,0.6068965494632721,0,46500,heldout
head,0,2,3.803249876946211,0.7655172348022461,0,46500,heldout
head,0,3,2.674775641411543,0.6482758522033691,0,46500,heldout
mlp_group,0,0,0.011527050286531448,0.0,0,46500,heldout
mlp_group,0,1,0.008396398276090622,0.0,0,46500,heldout
mlp_group,0,2,0.012974429875612259,0.0,0,46500,heldout
mlp_group,0,3,0.004230082035064697,0.0,0,46500,heldout
mlp_group,0,4,0.005287598818540573,0.0,0,46500,heldout
mlp_group,0,5,0.012940444052219391,0.006896555423736572,0,46500,heldout
mlp_group,0,6,0.011583741754293442,0.0,0,46500,heldout
mlp_group,0,7,0.007917717099189758,0.0,0,46500,heldout
head,1,0,2.673454087227583,0.6482758522033691,0,46500,heldout
head,1,1,2.6757038049399853,0.6620689630508423,0,46500,heldout
head,1,2,1.8689309768378735,0.46206897497177124,0,46500,heldout
head,1,3,2.7509255819022655,0.593103438615799,0,46500,heldout
mlp_group,1,0,0.012972645461559296,0.0,0,46500,heldout
mlp_group,1,1,0.006578866392374039,0.0,0,46500,heldout
mlp_group,1,2,0.00249500572681427,0.0,0,46500,heldout
mlp_group,1,3,0.0047302767634391785,0.0,0,46500,heldout
mlp_group,1,4,0.006541598588228226,0.0,0,46500,heldout
mlp_group,1,5,0.0036744512617588043,0.0,0,46500,heldout
mlp_group,1,6,0.004346150904893875,0.0,0,46500,heldout
mlp_group,1,7,0.005950625985860825,0.0,0,46500,heldout
head,0,0,3.3911602050065994,0.7862068712711334,0,47000,heldout
head,0,1,3.2590963393449783,0.6689654886722565,0,47000,heldout
head,0,2,2.122221663594246,0.5034482479095459,0,47000,heldout
head,0,3,2.4275848418474197,0.5793103277683258,0,47000,heldout
mlp_group,0,0,0.0002719759941101074,0.0,0,47000,heldout
mlp_group,0,1,0.0009535402059555054,0.0,0,47000,heldout
mlp_group,0,2,0.0006677061319351196,0.0,0,47000,heldout
mlp_group,0,3,0.005137741565704346,0.006896555423736572,0,47000,heldout
mlp_group,0,4,0.0029218345880508423,0.0,0,47000,heldout
mlp_group,0,5,0.0011236518621444702,0.0,0,47000,heldout
mlp_group,0,6,-0.0008406490087509155,0.0,0,47000,heldout
mlp_group,0,7,-0.00021554529666900635,0.0,0,47000,heldout
head,1,0,1.7022349387407303,0.43448275327682495,0,47000,heldout
head,1,1,2.595861867070198,0.6206896305084229,0,47000,heldout
head,1,2,2.026985839009285,0.5310344696044922,0,47000,heldout
head,1,3,1.5432579070329666,0.475862056016922,0,47000,heldout
mlp_group,1,0,0.01699739694595337,0.013793110847473145,0,47000,heldout
mlp_group,1,1,0.006887346506118774,-0.006896555423736572,0,47000,heldout
mlp_group,1,2,-0.002291843295097351,0.0,0,47000,heldout
mlp_group,1,3,0.007718473672866821,0.006896555423736572,0,47000,heldout
mlp_group,1,4,0.020202621817588806,0.013793110847473145,0,47000,heldout
mlp_group,1,5,0.003837600350379944,0.006896555423736572,0,47000,heldout
mlp_group,1,6,0.011057540774345398,0.006896555423736572,0,47000,heldout
mlp_group,1,7,0.0012036263942718506,0.0,0,47000,heldout
head,0,0,4.269647508859634,0.8896551728248596,0,47500,heldout
head,0,1,3.9819416105747223,0.7999999970197678,0,47500,heldout
head,0,2,2.9379216730594635,0.682758629322052,0,47500,heldout
head,0,3,3.2919048368930817,0.7310344874858856,0,47500,heldout
mlp_group,0,0,0.0017272606492042542,0.0,0,47500,heldout
mlp_group,0,1,0.0022538676857948303,0.006896555423736572,0,47500,heldout
mlp_group,0,2,0.0009528137743473053,0.0,0,47500,heldout
mlp_group,0,3,0.0030665323138237,0.0,0,47500,heldout
mlp_group,0,4,0.0016804076731204987,0.0,0,47500,heldout
mlp_group,0,5,0.0018423199653625488,0.0,0,47500,heldout
mlp_group,0,6,0.0017270781099796295,0.006896555423736572,0,47500,heldout
mlp_group,0,7,0.0014003477990627289,0.0,0,47500,heldout
head,1,0,2.490518718957901,0.5862068831920624,0,47500,heldout
head,1,1,3.368115097284317,0.7793103456497192,0,47500,heldout
head,1,2,3.0090316832065582,0.6965517103672028,0,47500,heldout
head,1,3,2.155252605676651,0.6206896603107452,0,47500,heldout
mlp_group,1,0,0.011610165238380432,0.0,0,47500,heldout
mlp_group,1,1,0.009226493537425995,0.006896555423736572,0,47500,heldout
mlp_group,1,2,0.003404468297958374,0.0,0,47500,heldout
mlp_group,1,3,0.004772663116455078,0.0,0,47500,heldout
mlp_group,1,4,0.004844188690185547,0.0,0,47500,heldout
mlp_group,1,5,0.003944560885429382,0.0,0,47500,heldout
mlp_group,1,6,0.008815914392471313,0.006896555423736572,0,47500,heldout
mlp_group,1,7,0.0031917616724967957,0.0,0,47500,heldout
head,0,0,4.35846433788538,0.8896551728248596,0,48000,heldout
head,0,1,4.09908876568079,0.7999999970197678,0,48000,heldout
head,0,2,3.228230096399784,0.724137932062149,0,48000,heldout
head,0,3,3.5258339419960976,0.7793103456497192,0,48000,heldout
mlp_group,0,0,0.0027098841965198517,0.0,0,48000,heldout
mlp_group,0,1,0.003009408712387085,0.0,0,48000,heldout
mlp_group,0,2,0.0012042373418807983,0.0,0,48000,heldout
mlp_group,0,3,0.0038784295320510864,0.0,0,48000,heldout
mlp_group,0,4,0.0002580508589744568,0.0,0,48000,heldout
mlp_group,0,5,0.0018024295568466187,0.0,0,48000,heldout
mlp_group,0,6,0.004407387226819992,0.0,0,48000,heldout
mlp_group,0,7,0.0005833171308040619,0.0,0,48000,heldout
head,1,0,2.5491565242409706,0.6068965494632721,0,48000,heldout
head,1,1,3.636498309671879,0.8068965524435043,0,48000,heldout
head,1,2,2.9678922668099403,0.6482758522033691,0,48000,heldout
head,1,3,2.3085561767220497,0.593103438615799,0,48000,heldout
mlp_group,1,0,0.009586583822965622,0.0,0,48000,heldout
mlp_group,1,1,0.006423864513635635,0.0,0,48000,heldout
mlp_group,1,2,0.004795823246240616,0.0,0,48000,heldout
mlp_group,1,3,0.004162818193435669,0.0,0,48000,heldout
mlp_group,1,4,0.005058858543634415,0.0,0,48000,heldout
mlp_group,1,5,0.0035235732793807983,0.0,0,48000,heldout
mlp_group,1,6,0.00589800626039505,0.0,0,48000,heldout
mlp_group,1,7,0.004896834492683411,0.0,0,48000,heldout
head,0,0,2.4524053558707237,0.593103438615799,0,48500,heldout
head,0,1,2.4616421684622765,0.5586206912994385,0,48500,heldout
head,0,2,2.938173197209835,0.7103448212146759,0,48500,heldout
head,0,3,1.6783427223563194,0.5034482777118683,0,48500,heldout
mlp_group,0,0,0.00041037052869796753,0.0,0,48500,heldout
mlp_group,0,1,-0.0009689480066299438,0.0,0,48500,heldout
mlp_group,0,2,-0.0006212666630744934,0.0,0,48500,heldout
mlp_group,0,3,-0.00044465065002441406,0.0,0,48500,heldout
mlp_group,0,4,-0.0018401667475700378,0.0,0,48500,heldout
mlp_group,0,5,0.0036443620920181274,0.0,0,48500,heldout
mlp_group,0,6,0.0031286999583244324,0.0,0,48500,heldout
mlp_group,0,7,0.0015506967902183533,0.0,0,48500,heldout
head,1,0,1.7889408096671104,0.4275861978530884,0,48500,heldout
head,1,1,2.1563586220145226,0.5448275804519653,0,48500,heldout
head,1,2,1.2832565531134605,0.3931034207344055,0,48500,heldout
head,1,3,2.1625255569815636,0.5379310250282288,0,48500,heldout
mlp_group,1,0,0.00924733281135559,0.0,0,48500,heldout
mlp_group,1,1,0.005721792578697205,0.0,0,48500,heldout
mlp_group,1,2,0.0081029012799263,0.0,0,48500,heldout
mlp_group,1,3,0.007450759410858154,0.0,0,48500,heldout
mlp_group,1,4,0.008263297379016876,0.0,0,48500,heldout
mlp_group,1,5,0.0035734325647354126,0.0,0,48500,heldout
mlp_group,1,6,0.005154408514499664,0.0,0,48500,heldout
mlp_group,1,7,0.0024342313408851624,0.0,0,48500,heldout
head,0,0,2.7553074210882187,0.6413792967796326,0,49000,heldout
head,0,1,2.5971462577581406,0.593103438615799,0,49000,heldout
head,0,2,2.9602143615484238,0.6896551847457886,0,49000,heldout
head,0,3,1.9707791656255722,0.565517246723175,0,49000,heldout
mlp_group,0,0,0.0002221129834651947,0.0,0,49000,heldout
mlp_group,0,1,-0.0007839910686016083,0.0,0,49000,heldout
mlp_group,0,2,-0.0004722177982330322,0.0,0,49000,heldout
mlp_group,0,3,-4.5277178287506104e-05,0.0,0,49000,heldout
mlp_group,0,4,-0.0012346096336841583,0.0,0,49000,heldout
mlp_group,0,5,0.0026108361780643463,0.0,0,49000,heldout
mlp_group,0,6,0.0015505217015743256,0.0,0,49000,heldout
mlp_group,0,7,0.0007653646171092987,0.0,0,49000,heldout
head,1,0,2.151222214102745,0.524137943983078,0,49000,heldout
head,1,1,2.6372535079717636,0.6275862157344818,0,49000,heldout
head,1,2,1.6132458299398422,0.43448275327682495,0,49000,heldout
head,1,3,2.677028402686119,0.6068965494632721,0,49000,heldout
mlp_group,1,0,0.008792638778686523,0.0,0,49000,heldout
mlp_group,1,1,0.006825912743806839,0.0,0,49000,heldout
mlp_group,1,2,0.006653085350990295,0.0,0,49000,heldout
mlp_group,1,3,0.009106606245040894,0.0,0,49000,heldout
mlp_group,1,4,0.008975401520729065,0.0,0,49000,heldout
mlp_group,1,5,0.004402711987495422,0.0,0,49000,heldout
mlp_group,1,6,0.006414022296667099,0.0,0,49000,heldout
mlp_group,1,7,0.004290394484996796,0.0,0,49000,heldout
head,0,0,2.533903621137142,0.6344827711582184,0,49500,heldout
head,0,1,2.6649070009589195,0.6206896603107452,0,49500,heldout
head,0,2,2.6473078951239586,0.5862068831920624,0,49500,heldout
head,0,3,1.9296370968222618,0.524137943983078,0,49500,heldout
mlp_group,0,0,0.00019037723541259766,0.0,0,49500,heldout
mlp_group,0,1,-0.00014365464448928833,0.0,0,49500,heldout
mlp_group,0,2,1.6324222087860107e-05,0.0,0,49500,heldout
mlp_group,0,3,0.00023076683282852173,0.0,0,49500,heldout
mlp_group,0,4,-3.1210482120513916e-05,0.0,0,49500,heldout
mlp_group,0,5,0.001363992691040039,0.0,0,49500,heldout
mlp_group,0,6,0.0007045343518257141,0.0,0,49500,heldout
mlp_group,0,7,0.00045632198452949524,0.0,0,49500,heldout
head,1,0,1.8957199081778526,0.5034482777118683,0,49500,heldout
head,1,1,2.6993468031287193,0.593103438615799,0,49500,heldout
head,1,2,1.8647979721426964,0.4413793087005615,0,49500,heldout
head,1,3,2.5857372507452965,0.5862068831920624,0,49500,heldout
mlp_group,1,0,0.007300104945898056,0.0,0,49500,heldout
mlp_group,1,1,0.005376551300287247,0.0,0,49500,heldout
mlp_group,1,2,0.005915392190217972,0.0,0,49500,heldout
mlp_group,1,3,0.0072893425822257996,0.0,0,49500,heldout
mlp_group,1,4,0.006813909858465195,0.0,0,49500,heldout
mlp_group,1,5,0.003364820033311844,0.0,0,49500,heldout
mlp_group,1,6,0.005081985145807266,0.0,0,49500,heldout
mlp_group,1,7,0.003883395344018936,0.0,0,49500,heldout
head,0,0,1.7001385241746902,0.46206897497177124,0,50000,heldout
head,0,1,2.1181764155626297,0.5586206912994385,0,50000,heldout
head,0,2,2.0740875750780106,0.48965516686439514,0,50000,heldout
head,0,3,1.4012001305818558,0.40689653158187866,0,50000,heldout
mlp_group,0,0,-0.0006219968199729919,0.0,0,50000,heldout
mlp_group,0,1,-0.00017098337411880493,0.0,0,50000,heldout
mlp_group,0,2,-0.00043497979640960693,0.0,0,50000,heldout
mlp_group,0,3,-5.735456943511963e-05,0.0,0,50000,heldout
mlp_group,0,4,-0.00015810132026672363,-0.006896555423736572,0,50000,heldout
mlp_group,0,5,-0.0008821263909339905,0.0,0,50000,heldout
mlp_group,0,6,-0.0007149651646614075,0.0,0,50000,heldout
mlp_group,0,7,-0.0007108226418495178,0.0,0,50000,heldout
head,1,0,1.3254774361848831,0.38620686531066895,0,50000,heldout
head,1,1,1.5688179284334183,0.4689655303955078,0,50000,heldout
head,1,2,1.1318547278642654,0.3379310369491577,0,50000,heldout
head,1,3,1.9252550154924393,0.45517241954803467,0,50000,heldout
mlp_group,1,0,0.00615304708480835,0.0,0,50000,heldout
mlp_group,1,1,0.010528035461902618,-0.013793110847473145,0,50000,heldout
mlp_group,1,2,0.0036356672644615173,-0.006896555423736572,0,50000,heldout
mlp_group,1,3,0.001764744520187378,-0.006896555423736572,0,50000,heldout
mlp_group,1,4,0.0018349811434745789,0.0,0,50000,heldout
mlp_group,1,5,-0.00042272359132766724,0.006896555423736572,0,50000,heldout
mlp_group,1,6,0.004522249102592468,-0.006896555423736572,0,50000,heldout
mlp_group,1,7,0.003232620656490326,-0.006896555423736572,0,50000,heldout
